case_id,sample_id,case_family,evidence_strength,source_artifact,run_key,issue,dataset_id,query_type,language,expected_chart_family,query,notes
stress230_001,vinl2vis_29151,repair_confirmed_known_bad,repair_confirmed,vlm_consensus_failure_cases.csv,heldout4b_visualfix,wrong_chart_type,wbexp_asean_eg_fec_rnew_zs_renewable_energy_consumption_of_total_final_energy_cons,multi_turn,vi,bar,"Hãy so sánh các nước.
Dùng năm mới nhất.",Fixed in heldout860_qwen3_4b_auditfix_v2; targeted qwen3-vl rerun accepted 8/8.
stress230_002,vinl2vis_26591,repair_confirmed_known_bad,repair_confirmed,vlm_consensus_failure_cases.csv,heldout4b_visualfix,wrong_chart_type,wbexp_asean_dt_nfl_imfn_cd_net_financial_flows_imf_nonconcessional_nfl_current_us,multi_turn,vi,bar,"Hãy so sánh các nước.
Dùng năm mới nhất.",Fixed in heldout860_qwen3_4b_auditfix_v2; targeted qwen3-vl rerun accepted 8/8.
stress230_003,vinl2vis_31704,repair_confirmed_known_bad,repair_confirmed,vlm_consensus_failure_cases.csv,heldout4b_visualfix,wrong_chart_type,wbexp_asean_en_ghg_n2o_zg_ar5_nitrous_oxide_n2o_emissions_total_excluding_lulucf_c,underspecified,vi,bar,Xếp hạng các nước theo chỉ số nitrous oxide (n2o) emissions (total) excluding lulucf (% change from 1990).,Fixed in heldout860_qwen3_4b_auditfix_v2; targeted qwen3-vl rerun accepted 8/8.
stress230_004,vinl2vis_26591,repair_confirmed_known_bad,repair_confirmed,vlm_consensus_failure_cases.csv,heldout8b_intermediate,wrong_chart_type,wbexp_asean_dt_nfl_imfn_cd_net_financial_flows_imf_nonconcessional_nfl_current_us,multi_turn,vi,bar,"Hãy so sánh các nước.
Dùng năm mới nhất.","Use before/after targeted reruns only, not as residual failure count."
stress230_005,vinl2vis_32864,repair_confirmed_known_bad,repair_confirmed,vlm_consensus_failure_cases.csv,heldout4b_visualfix,wrong_chart_type,wbexp_asean_er_h2o_fwst_zs_level_of_water_stress_freshwater_withdrawal_as_a_propor,underspecified,vi,bar,Xếp hạng các nước theo chỉ số level of water stress: freshwater withdrawal as a proportion of available freshwater resources.,Fixed in heldout860_qwen3_4b_auditfix_v2; targeted qwen3-vl rerun accepted 8/8.
stress230_006,vinl2vis_32984,repair_confirmed_known_bad,repair_confirmed,vlm_consensus_failure_cases.csv,heldout4b_visualfix,wrong_chart_type,wbexp_asean_er_h2o_intr_k3_renewable_internal_freshwater_resources_total_billion_c,underspecified,vi,bar,"Xếp hạng các nước theo chỉ số renewable internal freshwater resources, total (billion cubic meters).",Fixed in heldout860_qwen3_4b_auditfix_v2; targeted qwen3-vl rerun accepted 8/8.
stress230_007,vinl2vis_28591,repair_confirmed_known_bad,repair_confirmed,vlm_consensus_failure_cases.csv,heldout8b_intermediate,wrong_chart_type,wbexp_asean_eg_egy_prim_pp_kd_energy_intensity_level_of_primary_energy_mj_2021_ppp,multi_turn,vi,bar,"Hãy so sánh các nước.
Dùng năm mới nhất.","Use before/after targeted reruns only, not as residual failure count."
stress230_008,vinl2vis_29151,repair_confirmed_known_bad,repair_confirmed,vlm_consensus_failure_cases.csv,heldout8b_intermediate,wrong_chart_type,wbexp_asean_eg_fec_rnew_zs_renewable_energy_consumption_of_total_final_energy_cons,multi_turn,vi,bar,"Hãy so sánh các nước.
Dùng năm mới nhất.","Use before/after targeted reruns only, not as residual failure count."
stress230_009,vinl2vis_04833,major_visual_sanity_failure,programmatic_visual_failure,benchmark/faithbench/results/english1000_qwen3_4b_residualfix_v1/visual_sanity_per_output.csv,english_residualfix,visual_chart_family_mismatch;trend_missing_country_grouping;line_expected_non_line_mark,wbexp_asean_ag_lnd_agri_k2_agricultural_land_sq_km,explicit,en,line,"Show agricultural land (sq. km) for ASEAN countries, variant 12.","expected line, mark=bar | expected country grouping, got none | expected line, got bar"
stress230_010,vinl2vis_04798,major_visual_sanity_failure,programmatic_visual_failure,benchmark/faithbench/results/english1000_qwen3_4b_residualfix_v1/visual_sanity_per_output.csv,english_residualfix,visual_chart_family_mismatch;trend_missing_country_grouping;line_expected_non_line_mark,wbexp_asean_ag_con_fert_zs_fertilizer_consumption_kilograms_per_hectare_of_arable_,explicit,en,line,"Show fertilizer consumption (kilograms per hectare of arable land) for ASEAN countries, variant 17.","expected line, mark=bar | expected country grouping, got none | expected line, got bar"
stress230_011,vinl2vis_03931,major_visual_sanity_failure,programmatic_visual_failure,benchmark/faithbench/results/english1000_qwen3_4b_residualfix_v1/visual_sanity_per_output.csv,english_residualfix,trend_missing_country_grouping,derived_population_profile,explicit,en,line,Draw a line chart for Dân số over time.,"expected country grouping, got none"
stress230_012,vinl2vis_06493,major_visual_sanity_failure,programmatic_visual_failure,benchmark/faithbench/results/english1000_qwen3_4b_residualfix_v1/visual_sanity_per_output.csv,english_residualfix,visual_chart_family_mismatch;trend_missing_country_grouping;line_expected_non_line_mark,wbexp_asean_bar_noed_6064_zs_barro_lee_percentage_of_population_age_60_64_with_no_,explicit,en,line,"Show barro-lee: percentage of population age 60-64 with no education for ASEAN countries, variant 32.","expected line, mark=bar | expected country grouping, got none | expected line, got bar"
stress230_013,vinl2vis_03991,major_visual_sanity_failure,programmatic_visual_failure,benchmark/faithbench/results/matched_bilingual1000_qwen3_4b_residualfix_v1/visual_sanity_per_output.csv,matched_residualfix,trend_missing_country_grouping,derived_health_profile,explicit,vi,line,Vẽ xu hướng tuổi thọ kỳ vọng trong hồ sơ y tế asean theo thời gian.,"expected country grouping, got none"
stress230_014,vinl2vis_05968,major_visual_sanity_failure,programmatic_visual_failure,benchmark/faithbench/results/english1000_qwen3_4b_residualfix_v1/visual_sanity_per_output.csv,english_residualfix,visual_chart_family_mismatch;trend_missing_country_grouping;line_expected_non_line_mark,wbexp_asean_bar_noed_3034_fe_zs_barro_lee_percentage_of_female_population_age_30_3,explicit,en,line,"Show barro-lee: percentage of female population age 30-34 with no education for ASEAN countries, variant 27.","expected line, mark=bar | expected country grouping, got none | expected line, got bar"
stress230_015,vinl2vis_05113,major_visual_sanity_failure,programmatic_visual_failure,benchmark/faithbench/results/english1000_qwen3_4b_residualfix_v1/visual_sanity_per_output.csv,english_residualfix,visual_chart_family_mismatch;trend_missing_country_grouping;line_expected_non_line_mark,wbexp_asean_ag_lnd_frls_ha_tree_cover_loss_hectares,explicit,en,line,"Show tree cover loss (hectares) for ASEAN countries, variant 12.","expected line, mark=bar | expected country grouping, got none | expected line, got bar"
stress230_016,vinl2vis_05918,major_visual_sanity_failure,programmatic_visual_failure,benchmark/faithbench/results/english1000_qwen3_4b_residualfix_v1/visual_sanity_per_output.csv,english_residualfix,visual_chart_family_mismatch;trend_missing_country_grouping;line_expected_non_line_mark,wbexp_asean_bar_noed_25up_zs_barro_lee_percentage_of_population_age_25_with_no_edu,explicit,en,line,"Show barro-lee: percentage of population age 25+ with no education for ASEAN countries, variant 17.","expected line, mark=bar | expected country grouping, got none | expected line, got bar"
stress230_017,vinl2vis_04843,major_visual_sanity_failure,programmatic_visual_failure,benchmark/faithbench/results/english1000_qwen3_4b_residualfix_v1/visual_sanity_per_output.csv,english_residualfix,visual_chart_family_mismatch;trend_missing_country_grouping;line_expected_non_line_mark,wbexp_asean_ag_lnd_agri_k2_agricultural_land_sq_km,explicit,en,line,"Show agricultural land (sq. km) for ASEAN countries, variant 22.","expected line, mark=bar | expected country grouping, got none | expected line, got bar"
stress230_018,vinl2vis_04893,major_visual_sanity_failure,programmatic_visual_failure,benchmark/faithbench/results/english1000_qwen3_4b_residualfix_v1/visual_sanity_per_output.csv,english_residualfix,visual_chart_family_mismatch;trend_missing_country_grouping;line_expected_non_line_mark,wbexp_asean_ag_lnd_agri_zs_agricultural_land_of_land_area,explicit,en,line,"Show agricultural land (% of land area) for ASEAN countries, variant 32.","expected line, mark=bar | expected country grouping, got none | expected line, got bar"
stress230_019,vinl2vis_06083,major_visual_sanity_failure,programmatic_visual_failure,benchmark/faithbench/results/english1000_qwen3_4b_residualfix_v1/visual_sanity_per_output.csv,english_residualfix,visual_chart_family_mismatch;trend_missing_country_grouping;line_expected_non_line_mark,wbexp_asean_bar_noed_3539_zs_barro_lee_percentage_of_population_age_35_39_with_no_,explicit,en,line,"Show barro-lee: percentage of population age 35-39 with no education for ASEAN countries, variant 22.","expected line, mark=bar | expected country grouping, got none | expected line, got bar"
stress230_020,vinl2vis_01061,major_visual_sanity_failure,programmatic_visual_failure,benchmark/faithbench/results/matched_bilingual1000_qwen3_4b_residualfix_v1/visual_sanity_per_output.csv,matched_residualfix,trend_missing_country_grouping,wb_asean_fdi_net_inflows_share_gdp,explicit,en,line,Draw a line chart showing asean fdi net inflows share of gdp over time.,"expected country grouping, got none"
stress230_021,vinl2vis_23307,major_visual_sanity_failure,programmatic_visual_failure,benchmark/faithbench/results/balanced1000_qwen3_4b_qwen_chart_family_strict_repair_residualfix_v1/visual_sanity_per_output.csv,balanced_residualfix,trend_missing_country_grouping,wbexp_asean_bn_cab_xoka_gd_zs_current_account_balance_of_gdp,ambiguous,vi,line,Chỉ số Current account balance (% of GDP) gần đây thay đổi như thế nào?,"expected country grouping, got none"
stress230_022,vinl2vis_22747,major_visual_sanity_failure,programmatic_visual_failure,benchmark/faithbench/results/balanced1000_qwen3_4b_qwen_chart_family_strict_repair_residualfix_v1/visual_sanity_per_output.csv,balanced_residualfix,trend_missing_country_grouping,wbexp_asean_bm_gsr_fcty_cd_primary_income_payments_bop_current_us,ambiguous,vi,line,"Chỉ số Primary income payments (BoP, current US$) gần đây thay đổi như thế nào?","expected country grouping, got none"
stress230_023,vinl2vis_04813,major_visual_sanity_failure,programmatic_visual_failure,benchmark/faithbench/results/english1000_qwen3_4b_residualfix_v1/visual_sanity_per_output.csv,english_residualfix,visual_chart_family_mismatch;trend_missing_country_grouping;line_expected_non_line_mark,wbexp_asean_ag_con_fert_zs_fertilizer_consumption_kilograms_per_hectare_of_arable_,explicit,en,line,"Show fertilizer consumption (kilograms per hectare of arable land) for ASEAN countries, variant 32.","expected line, mark=bar | expected country grouping, got none | expected line, got bar"
stress230_024,vinl2vis_24146,major_visual_sanity_failure,programmatic_visual_failure,benchmark/faithbench/results/balanced1000_qwen3_4b_qwen_chart_family_strict_repair_residualfix_v1/visual_sanity_per_output.csv,balanced_residualfix,visual_chart_family_mismatch;line_expected_non_line_mark,wbexp_asean_bx_gsr_royl_cd_charges_for_the_use_of_intellectual_property_receipts_b,ambiguous,vi,line,"Cho tôi xem chỉ số charges for the use of intellectual property, receipts (bop, current us$).","expected line, mark=bar | expected line, got bar"
stress230_025,vinl2vis_06598,major_visual_sanity_failure,programmatic_visual_failure,benchmark/faithbench/results/english1000_qwen3_4b_residualfix_v1/visual_sanity_per_output.csv,english_residualfix,visual_chart_family_mismatch;trend_missing_country_grouping;line_expected_non_line_mark,wbexp_asean_bar_noed_7074_fe_zs_barro_lee_percentage_of_female_population_age_70_7,explicit,en,line,"Show barro-lee: percentage of female population age 70-74 with no education for ASEAN countries, variant 17.","expected line, mark=bar | expected country grouping, got none | expected line, got bar"
stress230_026,vinl2vis_05078,major_visual_sanity_failure,programmatic_visual_failure,benchmark/faithbench/results/english1000_qwen3_4b_residualfix_v1/visual_sanity_per_output.csv,english_residualfix,visual_chart_family_mismatch;trend_missing_country_grouping;line_expected_non_line_mark,wbexp_asean_ag_lnd_crop_zs_permanent_cropland_of_land_area,explicit,en,line,"Show permanent cropland (% of land area) for ASEAN countries, variant 17.","expected line, mark=bar | expected country grouping, got none | expected line, got bar"
stress230_027,vinl2vis_06803,major_visual_sanity_failure,programmatic_visual_failure,benchmark/faithbench/results/english1000_qwen3_4b_residualfix_v1/visual_sanity_per_output.csv,english_residualfix,visual_chart_family_mismatch;trend_missing_country_grouping;line_expected_non_line_mark,wbexp_asean_bar_pop_15up_barro_lee_population_in_thousands_age_15_total,explicit,en,line,"Show barro-lee: population in thousands, age 15+, total for ASEAN countries, variant 22.","expected line, mark=bar | expected country grouping, got none | expected line, got bar"
stress230_028,vinl2vis_05998,major_visual_sanity_failure,programmatic_visual_failure,benchmark/faithbench/results/english1000_qwen3_4b_residualfix_v1/visual_sanity_per_output.csv,english_residualfix,visual_chart_family_mismatch;trend_missing_country_grouping;line_expected_non_line_mark,wbexp_asean_bar_noed_3034_zs_barro_lee_percentage_of_population_age_30_34_with_no_,explicit,en,line,"Show barro-lee: percentage of population age 30-34 with no education for ASEAN countries, variant 17.","expected line, mark=bar | expected country grouping, got year | expected line, got bar"
stress230_029,vinl2vis_06368,major_visual_sanity_failure,programmatic_visual_failure,benchmark/faithbench/results/english1000_qwen3_4b_residualfix_v1/visual_sanity_per_output.csv,english_residualfix,visual_chart_family_mismatch;trend_missing_country_grouping;line_expected_non_line_mark,wbexp_asean_bar_noed_5559_fe_zs_barro_lee_percentage_of_female_population_age_55_5,explicit,en,line,"Show barro-lee: percentage of female population age 55-59 with no education for ASEAN countries, variant 27.","expected line, mark=bar | expected country grouping, got none | expected line, got bar"
stress230_030,vinl2vis_05102,major_visual_sanity_failure,programmatic_visual_failure,benchmark/faithbench/results/english1000_qwen3_4b_residualfix_v1/visual_sanity_per_output.csv,english_residualfix,trend_missing_country_grouping,wbexp_asean_ag_lnd_frls_ha_tree_cover_loss_hectares,explicit,en,line,Draw a line chart showing tree cover loss (hectares) over time.,"expected country grouping, got none"
stress230_031,vinl2vis_00011,major_visual_sanity_failure,programmatic_visual_failure,benchmark/faithbench/results/matched_bilingual1000_qwen3_4b_residualfix_v1/visual_sanity_per_output.csv,matched_residualfix,trend_missing_country_grouping,wb_asean_population,explicit,en,line,Draw a line chart showing asean population over time.,"expected country grouping, got none"
stress230_032,vinl2vis_05443,major_visual_sanity_failure,programmatic_visual_failure,benchmark/faithbench/results/english1000_qwen3_4b_residualfix_v1/visual_sanity_per_output.csv,english_residualfix,visual_chart_family_mismatch;trend_missing_country_grouping;line_expected_non_line_mark,wbexp_asean_ag_prd_lvsk_xd_livestock_production_index_2014_2016_100,explicit,en,line,"Show livestock production index (2014-2016 = 100) for ASEAN countries, variant 22.","expected line, mark=bar | expected country grouping, got year | expected line, got bar"
stress230_033,vinl2vis_03931,major_visual_sanity_failure,programmatic_visual_failure,benchmark/faithbench/results/matched_bilingual1000_qwen3_4b_residualfix_v1/visual_sanity_per_output.csv,matched_residualfix,trend_missing_country_grouping,derived_population_profile,explicit,en,line,Draw a line chart for Dân số over time.,"expected country grouping, got none"
stress230_034,vinl2vis_05013,major_visual_sanity_failure,programmatic_visual_failure,benchmark/faithbench/results/english1000_qwen3_4b_residualfix_v1/visual_sanity_per_output.csv,english_residualfix,visual_chart_family_mismatch;trend_missing_country_grouping;line_expected_non_line_mark,wbexp_asean_ag_lnd_arbl_zs_arable_land_of_land_area,explicit,en,line,"Show arable land (% of land area) for ASEAN countries, variant 32.","expected line, mark=bar | expected country grouping, got none | expected line, got bar"
stress230_035,vinl2vis_05318,major_visual_sanity_failure,programmatic_visual_failure,benchmark/faithbench/results/english1000_qwen3_4b_residualfix_v1/visual_sanity_per_output.csv,english_residualfix,visual_chart_family_mismatch;trend_missing_country_grouping;line_expected_non_line_mark,wbexp_asean_ag_prd_crel_mt_cereal_production_metric_tons,explicit,en,line,"Show cereal production (metric tons) for ASEAN countries, variant 17.","expected line, mark=bar | expected country grouping, got none | expected line, got bar"
stress230_036,vinl2vis_23661,major_visual_sanity_failure,programmatic_visual_failure,benchmark/faithbench/results/balanced1000_qwen3_4b_qwen_chart_family_strict_repair_residualfix_v1/visual_sanity_per_output.csv,balanced_residualfix,trend_missing_country_grouping,wbexp_asean_bn_trf_curr_cd_net_secondary_income_bop_current_us,explicit,vi,line,"Vẽ biểu đồ đường thể hiện chỉ số net secondary income (bop, current us$) theo thời gian.","expected country grouping, got none"
stress230_037,vinl2vis_04928,major_visual_sanity_failure,programmatic_visual_failure,benchmark/faithbench/results/english1000_qwen3_4b_residualfix_v1/visual_sanity_per_output.csv,english_residualfix,visual_chart_family_mismatch;trend_missing_country_grouping;line_expected_non_line_mark,wbexp_asean_ag_lnd_arbl_ha_arable_land_hectares,explicit,en,line,"Show arable land (hectares) for ASEAN countries, variant 27.","expected line, mark=bar | expected country grouping, got none | expected line, got bar"
stress230_038,vinl2vis_04848,major_visual_sanity_failure,programmatic_visual_failure,benchmark/faithbench/results/english1000_qwen3_4b_residualfix_v1/visual_sanity_per_output.csv,english_residualfix,visual_chart_family_mismatch;trend_missing_country_grouping;line_expected_non_line_mark,wbexp_asean_ag_lnd_agri_k2_agricultural_land_sq_km,explicit,en,line,"Show agricultural land (sq. km) for ASEAN countries, variant 27.","expected line, mark=bar | expected country grouping, got none | expected line, got bar"
stress230_039,vinl2vis_24707,major_visual_sanity_failure,programmatic_visual_failure,benchmark/faithbench/results/balanced1000_qwen3_4b_qwen_chart_family_strict_repair_residualfix_v1/visual_sanity_per_output.csv,balanced_residualfix,trend_missing_country_grouping,wbexp_asean_cm_mkt_ldom_no_listed_domestic_companies_total,ambiguous,vi,line,"Chỉ số Listed domestic companies, total gần đây thay đổi như thế nào?","expected country grouping, got none"
stress230_040,vinl2vis_06568,major_visual_sanity_failure,programmatic_visual_failure,benchmark/faithbench/results/english1000_qwen3_4b_residualfix_v1/visual_sanity_per_output.csv,english_residualfix,visual_chart_family_mismatch;trend_missing_country_grouping;line_expected_non_line_mark,wbexp_asean_bar_noed_6569_zs_barro_lee_percentage_of_population_age_65_69_with_no_,explicit,en,line,"Show barro-lee: percentage of population age 65-69 with no education for ASEAN countries, variant 27.","expected line, mark=bar | expected country grouping, got none | expected line, got bar"
stress230_041,vinl2vis_25067,major_visual_sanity_failure,programmatic_visual_failure,benchmark/faithbench/results/balanced1000_qwen3_4b_qwen_chart_family_strict_repair_residualfix_v1/visual_sanity_per_output.csv,balanced_residualfix,trend_missing_country_grouping,wbexp_asean_dc_dac_chel_cd_net_bilateral_aid_flows_from_dac_donors_switzerland_cur,ambiguous,vi,line,"Chỉ số Net bilateral aid flows from DAC donors, Switzerland (current US$) gần đây thay đổi như thế nào?","expected country grouping, got none"
stress230_042,vinl2vis_06128,major_visual_sanity_failure,programmatic_visual_failure,benchmark/faithbench/results/english1000_qwen3_4b_residualfix_v1/visual_sanity_per_output.csv,english_residualfix,visual_chart_family_mismatch;trend_missing_country_grouping;line_expected_non_line_mark,wbexp_asean_bar_noed_4044_fe_zs_barro_lee_percentage_of_female_population_age_40_4,explicit,en,line,"Show barro-lee: percentage of female population age 40-44 with no education for ASEAN countries, variant 27.","expected line, mark=bar | expected country grouping, got none | expected line, got bar"
stress230_043,vinl2vis_04753,major_visual_sanity_failure,programmatic_visual_failure,benchmark/faithbench/results/english1000_qwen3_4b_residualfix_v1/visual_sanity_per_output.csv,english_residualfix,visual_chart_family_mismatch;trend_missing_country_grouping;line_expected_non_line_mark,wbexp_asean_ag_con_fert_pt_zs_fertilizer_consumption_of_fertilizer_production,explicit,en,line,"Show fertilizer consumption (% of fertilizer production) for ASEAN countries, variant 12.","expected line, mark=bar | expected country grouping, got none | expected line, got bar"
stress230_044,vinl2vis_05933,major_visual_sanity_failure,programmatic_visual_failure,benchmark/faithbench/results/english1000_qwen3_4b_residualfix_v1/visual_sanity_per_output.csv,english_residualfix,visual_chart_family_mismatch;trend_missing_country_grouping;line_expected_non_line_mark,wbexp_asean_bar_noed_25up_zs_barro_lee_percentage_of_population_age_25_with_no_edu,explicit,en,line,"Show barro-lee: percentage of population age 25+ with no education for ASEAN countries, variant 32.","expected line, mark=bar | expected country grouping, got none | expected line, got bar"
stress230_045,vinl2vis_06518,major_visual_sanity_failure,programmatic_visual_failure,benchmark/faithbench/results/english1000_qwen3_4b_residualfix_v1/visual_sanity_per_output.csv,english_residualfix,visual_chart_family_mismatch;trend_missing_country_grouping;line_expected_non_line_mark,wbexp_asean_bar_noed_6569_fe_zs_barro_lee_percentage_of_female_population_age_65_6,explicit,en,line,"Show barro-lee: percentage of female population age 65-69 with no education for ASEAN countries, variant 17.","expected line, mark=bar | expected country grouping, got none | expected line, got bar"
stress230_046,vinl2vis_01831,major_visual_sanity_failure,programmatic_visual_failure,benchmark/faithbench/results/english1000_qwen3_4b_residualfix_v1/visual_sanity_per_output.csv,english_residualfix,trend_missing_country_grouping,wb_asean_literacy_rate_adult,explicit,en,line,Draw a line chart showing asean adult literacy rate over time.,"expected country grouping, got none"
stress230_047,vinl2vis_23461,major_visual_sanity_failure,programmatic_visual_failure,benchmark/faithbench/results/balanced1000_qwen3_4b_qwen_chart_family_strict_repair_residualfix_v1/visual_sanity_per_output.csv,balanced_residualfix,trend_missing_country_grouping,wbexp_asean_bn_gsr_mrch_cd_net_trade_in_goods_bop_current_us,explicit,vi,line,"Vẽ biểu đồ đường thể hiện chỉ số net trade in goods (bop, current us$) theo thời gian.","expected country grouping, got none"
stress230_048,vinl2vis_05598,major_visual_sanity_failure,programmatic_visual_failure,benchmark/faithbench/results/english1000_qwen3_4b_residualfix_v1/visual_sanity_per_output.csv,english_residualfix,visual_chart_family_mismatch;trend_missing_country_grouping;line_expected_non_line_mark,wbexp_asean_bar_noed_1519_zs_barro_lee_percentage_of_population_age_15_19_with_no_,explicit,en,line,"Show barro-lee: percentage of population age 15-19 with no education for ASEAN countries, variant 17.","expected line, mark=bar | expected country grouping, got none | expected line, got bar"
stress230_049,vinl2vis_00296,major_visual_sanity_failure,programmatic_visual_failure,benchmark/faithbench/results/english1000_qwen3_4b_residualfix_v1/visual_sanity_per_output.csv,english_residualfix,trend_missing_country_grouping,wb_asean_fertility_rate,explicit,en,area,Use an area chart to show changes in asean fertility rate over time.,"expected country grouping, got none"
stress230_050,vinl2vis_23266,major_visual_sanity_failure,programmatic_visual_failure,benchmark/faithbench/results/balanced1000_qwen3_4b_qwen_chart_family_strict_repair_residualfix_v1/visual_sanity_per_output.csv,balanced_residualfix,visual_chart_family_mismatch;line_expected_non_line_mark,wbexp_asean_bn_cab_xoka_cd_current_account_balance_bop_current_us,ambiguous,vi,line,"Cho tôi xem chỉ số current account balance (bop, current us$).","expected line, mark=bar | expected line, got bar"
stress230_051,vinl2vis_06763,major_visual_sanity_failure,programmatic_visual_failure,benchmark/faithbench/results/english1000_qwen3_4b_residualfix_v1/visual_sanity_per_output.csv,english_residualfix,visual_chart_family_mismatch;trend_missing_country_grouping;line_expected_non_line_mark,wbexp_asean_bar_pop_1519_barro_lee_population_in_thousands_age_15_19_total,explicit,en,line,"Show barro-lee: population in thousands, age 15-19, total for ASEAN countries, variant 22.","expected line, mark=bar | expected country grouping, got none | expected line, got bar"
stress230_052,vinl2vis_03726,major_visual_sanity_failure,programmatic_visual_failure,benchmark/faithbench/results/english1000_qwen3_4b_residualfix_v1/visual_sanity_per_output.csv,english_residualfix,trend_missing_country_grouping,owid_co2_per_capita_vietnam,explicit,en,area,Use an area chart to show changes in vietnam co2 emissions per capita over time.,"expected country grouping, got none"
stress230_053,vinl2vis_05593,major_visual_sanity_failure,programmatic_visual_failure,benchmark/faithbench/results/english1000_qwen3_4b_residualfix_v1/visual_sanity_per_output.csv,english_residualfix,visual_chart_family_mismatch;trend_missing_country_grouping;line_expected_non_line_mark,wbexp_asean_bar_noed_1519_zs_barro_lee_percentage_of_population_age_15_19_with_no_,explicit,en,line,"Show barro-lee: percentage of population age 15-19 with no education for ASEAN countries, variant 12.","expected line, mark=bar | expected country grouping, got none | expected line, got bar"
stress230_054,vinl2vis_06893,major_visual_sanity_failure,programmatic_visual_failure,benchmark/faithbench/results/english1000_qwen3_4b_residualfix_v1/visual_sanity_per_output.csv,english_residualfix,visual_chart_family_mismatch;trend_missing_country_grouping;line_expected_non_line_mark,wbexp_asean_bar_pop_2024_barro_lee_population_in_thousands_age_20_24_total,explicit,en,line,"Show barro-lee: population in thousands, age 20-24, total for ASEAN countries, variant 32.","expected line, mark=bar | expected country grouping, got none | expected line, got bar"
stress230_055,vinl2vis_05226,major_visual_sanity_failure,programmatic_visual_failure,benchmark/faithbench/results/balanced1000_qwen3_4b_qwen_chart_family_strict_repair_residualfix_v1/visual_sanity_per_output.csv,balanced_residualfix,visual_chart_family_mismatch;line_expected_non_line_mark,wbexp_asean_ag_lnd_prcp_mm_average_precipitation_in_depth_mm_per_year,ambiguous,vi,line,Cho tôi xem chỉ số average precipitation in depth (mm per year).,"expected line, mark=bar | expected line, got bar"
stress230_056,vinl2vis_05098,major_visual_sanity_failure,programmatic_visual_failure,benchmark/faithbench/results/english1000_qwen3_4b_residualfix_v1/visual_sanity_per_output.csv,english_residualfix,visual_chart_family_mismatch;trend_missing_country_grouping;line_expected_non_line_mark,wbexp_asean_ag_lnd_crop_zs_permanent_cropland_of_land_area,explicit,en,line,"Show permanent cropland (% of land area) for ASEAN countries, variant 37.","expected line, mark=bar | expected country grouping, got none | expected line, got bar"
stress230_057,vinl2vis_23741,major_visual_sanity_failure,programmatic_visual_failure,benchmark/faithbench/results/balanced1000_qwen3_4b_qwen_chart_family_strict_repair_residualfix_v1/visual_sanity_per_output.csv,balanced_residualfix,trend_missing_country_grouping,wbexp_asean_bx_grt_exta_cd_wd_grants_excluding_technical_cooperation_bop_current_u,explicit,vi,line,"Vẽ biểu đồ đường thể hiện chỉ số grants, excluding technical cooperation (bop, current us$) theo thời gian.","expected country grouping, got none"
stress230_058,vinl2vis_06578,major_visual_sanity_failure,programmatic_visual_failure,benchmark/faithbench/results/english1000_qwen3_4b_residualfix_v1/visual_sanity_per_output.csv,english_residualfix,visual_chart_family_mismatch;trend_missing_country_grouping;line_expected_non_line_mark,wbexp_asean_bar_noed_6569_zs_barro_lee_percentage_of_population_age_65_69_with_no_,explicit,en,line,"Show barro-lee: percentage of population age 65-69 with no education for ASEAN countries, variant 37.","expected line, mark=bar | expected country grouping, got none | expected line, got bar"
stress230_059,vinl2vis_24227,major_visual_sanity_failure,programmatic_visual_failure,benchmark/faithbench/results/balanced1000_qwen3_4b_qwen_chart_family_strict_repair_residualfix_v1/visual_sanity_per_output.csv,balanced_residualfix,trend_missing_country_grouping,wbexp_asean_bx_gsr_tran_zs_transport_services_of_service_exports_bop,ambiguous,vi,line,"Chỉ số Transport services (% of service exports, BoP) gần đây thay đổi như thế nào?","expected country grouping, got none"
stress230_060,vinl2vis_25267,major_visual_sanity_failure,programmatic_visual_failure,benchmark/faithbench/results/balanced1000_qwen3_4b_qwen_chart_family_strict_repair_residualfix_v1/visual_sanity_per_output.csv,balanced_residualfix,trend_missing_country_grouping,wbexp_asean_dc_dac_finl_cd_net_bilateral_aid_flows_from_dac_donors_finland_current,ambiguous,vi,line,"Chỉ số Net bilateral aid flows from DAC donors, Finland (current US$) gần đây thay đổi như thế nào?","expected country grouping, got none"
stress230_061,vinl2vis_05538,major_visual_sanity_failure,programmatic_visual_failure,benchmark/faithbench/results/english1000_qwen3_4b_residualfix_v1/visual_sanity_per_output.csv,english_residualfix,visual_chart_family_mismatch;trend_missing_country_grouping;line_expected_non_line_mark,wbexp_asean_ag_yld_crel_kg_cereal_yield_kg_per_hectare,explicit,en,line,"Show cereal yield (kg per hectare) for ASEAN countries, variant 37.","expected line, mark=bar | expected country grouping, got none | expected line, got bar"
stress230_062,vinl2vis_05618,major_visual_sanity_failure,programmatic_visual_failure,benchmark/faithbench/results/english1000_qwen3_4b_residualfix_v1/visual_sanity_per_output.csv,english_residualfix,visual_chart_family_mismatch;trend_missing_country_grouping;line_expected_non_line_mark,wbexp_asean_bar_noed_1519_zs_barro_lee_percentage_of_population_age_15_19_with_no_,explicit,en,line,"Show barro-lee: percentage of population age 15-19 with no education for ASEAN countries, variant 37.","expected line, mark=bar | expected country grouping, got none | expected line, got bar"
stress230_063,vinl2vis_00135,major_visual_sanity_failure,programmatic_visual_failure,benchmark/faithbench/results/english1000_qwen3_4b_residualfix_v1/visual_sanity_per_output.csv,english_residualfix,bubble_missing_country_grouping,wb_asean_population_growth,explicit,en,bubble_chart,Create a bubble chart for recent asean population growth.,"expected color/group country, got constant"
stress230_064,vinl2vis_23667,major_visual_sanity_failure,programmatic_visual_failure,benchmark/faithbench/results/balanced1000_qwen3_4b_qwen_chart_family_strict_repair_residualfix_v1/visual_sanity_per_output.csv,balanced_residualfix,trend_missing_country_grouping,wbexp_asean_bn_trf_curr_cd_net_secondary_income_bop_current_us,ambiguous,vi,line,"Chỉ số Net secondary income (BoP, current US$) gần đây thay đổi như thế nào?","expected country grouping, got none"
stress230_065,vinl2vis_23107,major_visual_sanity_failure,programmatic_visual_failure,benchmark/faithbench/results/balanced1000_qwen3_4b_qwen_chart_family_strict_repair_residualfix_v1/visual_sanity_per_output.csv,balanced_residualfix,trend_missing_country_grouping,wbexp_asean_bm_klt_dinv_cd_wd_foreign_direct_investment_net_outflows_bop_current_u,ambiguous,vi,line,"Chỉ số Foreign direct investment, net outflows (BoP, current US$) gần đây thay đổi như thế nào?","expected country grouping, got none"
stress230_066,vinl2vis_25221,major_visual_sanity_failure,programmatic_visual_failure,benchmark/faithbench/results/balanced1000_qwen3_4b_qwen_chart_family_strict_repair_residualfix_v1/visual_sanity_per_output.csv,balanced_residualfix,trend_missing_country_grouping,wbexp_asean_dc_dac_espl_cd_net_bilateral_aid_flows_from_dac_donors_spain_current_u,explicit,vi,line,"Vẽ biểu đồ đường thể hiện chỉ số net bilateral aid flows from dac donors, spain (current us$) theo thời gian.","expected country grouping, got none"
stress230_067,vinl2vis_23187,major_visual_sanity_failure,programmatic_visual_failure,benchmark/faithbench/results/balanced1000_qwen3_4b_qwen_chart_family_strict_repair_residualfix_v1/visual_sanity_per_output.csv,balanced_residualfix,trend_missing_country_grouping,wbexp_asean_bm_trf_prvt_cd_secondary_income_other_sectors_payments_bop_current_us,ambiguous,vi,line,"Chỉ số Secondary income, other sectors, payments (BoP, current US$) gần đây thay đổi như thế nào?","expected country grouping, got none"
stress230_068,vinl2vis_05913,major_visual_sanity_failure,programmatic_visual_failure,benchmark/faithbench/results/english1000_qwen3_4b_residualfix_v1/visual_sanity_per_output.csv,english_residualfix,visual_chart_family_mismatch;trend_missing_country_grouping;line_expected_non_line_mark,wbexp_asean_bar_noed_25up_zs_barro_lee_percentage_of_population_age_25_with_no_edu,explicit,en,line,"Show barro-lee: percentage of population age 25+ with no education for ASEAN countries, variant 12.","expected line, mark=bar | expected country grouping, got none | expected line, got bar"
stress230_069,vinl2vis_05608,major_visual_sanity_failure,programmatic_visual_failure,benchmark/faithbench/results/english1000_qwen3_4b_residualfix_v1/visual_sanity_per_output.csv,english_residualfix,visual_chart_family_mismatch;trend_missing_country_grouping;line_expected_non_line_mark,wbexp_asean_bar_noed_1519_zs_barro_lee_percentage_of_population_age_15_19_with_no_,explicit,en,line,"Show barro-lee: percentage of population age 15-19 with no education for ASEAN countries, variant 27.","expected line, mark=bar | expected country grouping, got none | expected line, got bar"
stress230_070,vinl2vis_00011,major_visual_sanity_failure,programmatic_visual_failure,benchmark/faithbench/results/english1000_qwen3_4b_residualfix_v1/visual_sanity_per_output.csv,english_residualfix,trend_missing_country_grouping,wb_asean_population,explicit,en,line,Draw a line chart showing asean population over time.,"expected country grouping, got none"
stress230_071,vinl2vis_07013,major_visual_sanity_failure,programmatic_visual_failure,benchmark/faithbench/results/english1000_qwen3_4b_residualfix_v1/visual_sanity_per_output.csv,english_residualfix,visual_chart_family_mismatch;trend_missing_country_grouping;line_expected_non_line_mark,wbexp_asean_bar_pop_2529_fe_barro_lee_population_in_thousands_age_25_29_female,explicit,en,line,"Show barro-lee: population in thousands, age 25-29, female for ASEAN countries, variant 32.","expected line, mark=bar | expected country grouping, got none | expected line, got bar"
stress230_072,vinl2vis_06982,major_visual_sanity_failure,programmatic_visual_failure,benchmark/faithbench/results/english1000_qwen3_4b_residualfix_v1/visual_sanity_per_output.csv,english_residualfix,trend_missing_country_grouping,wbexp_asean_bar_pop_2529_fe_barro_lee_population_in_thousands_age_25_29_female,explicit,en,line,"Draw a line chart showing barro-lee: population in thousands, age 25-29, female over time.","expected country grouping, got none"
stress230_073,vinl2vis_06213,major_visual_sanity_failure,programmatic_visual_failure,benchmark/faithbench/results/english1000_qwen3_4b_residualfix_v1/visual_sanity_per_output.csv,english_residualfix,visual_chart_family_mismatch;trend_missing_country_grouping;line_expected_non_line_mark,wbexp_asean_bar_noed_4549_fe_zs_barro_lee_percentage_of_female_population_age_45_4,explicit,en,line,"Show barro-lee: percentage of female population age 45-49 with no education for ASEAN countries, variant 32.","expected line, mark=bar | expected country grouping, got none | expected line, got bar"
stress230_074,vinl2vis_05248,major_visual_sanity_failure,programmatic_visual_failure,benchmark/faithbench/results/english1000_qwen3_4b_residualfix_v1/visual_sanity_per_output.csv,english_residualfix,visual_chart_family_mismatch;trend_missing_country_grouping;line_expected_non_line_mark,wbexp_asean_ag_lnd_prcp_mm_average_precipitation_in_depth_mm_per_year,explicit,en,line,"Show average precipitation in depth (mm per year) for ASEAN countries, variant 27.","expected line, mark=bar | expected country grouping, got none | expected line, got bar"
stress230_075,vinl2vis_06178,major_visual_sanity_failure,programmatic_visual_failure,benchmark/faithbench/results/english1000_qwen3_4b_residualfix_v1/visual_sanity_per_output.csv,english_residualfix,visual_chart_family_mismatch;trend_missing_country_grouping;line_expected_non_line_mark,wbexp_asean_bar_noed_4044_zs_barro_lee_percentage_of_population_age_40_44_with_no_,explicit,en,line,"Show barro-lee: percentage of population age 40-44 with no education for ASEAN countries, variant 37.","expected line, mark=bar | expected country grouping, got year | expected line, got bar"
stress230_076,vinl2vis_05773,major_visual_sanity_failure,programmatic_visual_failure,benchmark/faithbench/results/english1000_qwen3_4b_residualfix_v1/visual_sanity_per_output.csv,english_residualfix,visual_chart_family_mismatch;trend_missing_country_grouping;line_expected_non_line_mark,wbexp_asean_bar_noed_2024_zs_barro_lee_percentage_of_population_age_20_24_with_no_,explicit,en,line,"Show barro-lee: percentage of population age 20-24 with no education for ASEAN countries, variant 32.","expected line, mark=bar | expected country grouping, got none | expected line, got bar"
stress230_077,vinl2vis_06208,major_visual_sanity_failure,programmatic_visual_failure,benchmark/faithbench/results/english1000_qwen3_4b_residualfix_v1/visual_sanity_per_output.csv,english_residualfix,visual_chart_family_mismatch;line_expected_non_line_mark,wbexp_asean_bar_noed_4549_fe_zs_barro_lee_percentage_of_female_population_age_45_4,explicit,en,line,"Show barro-lee: percentage of female population age 45-49 with no education for ASEAN countries, variant 27.","expected line, mark=bar | expected line, got bar"
stress230_078,vinl2vis_05653,major_visual_sanity_failure,programmatic_visual_failure,benchmark/faithbench/results/english1000_qwen3_4b_residualfix_v1/visual_sanity_per_output.csv,english_residualfix,visual_chart_family_mismatch;trend_missing_country_grouping;line_expected_non_line_mark,wbexp_asean_bar_noed_15up_fe_zs_barro_lee_percentage_of_female_population_age_15_w,explicit,en,line,"Show barro-lee: percentage of female population age 15+ with no education for ASEAN countries, variant 32.","expected line, mark=bar | expected country grouping, got none | expected line, got bar"
stress230_079,vinl2vis_05322,strict_transform_failure,deterministic_semantic_failure,strict_transformation_audit.csv,heldout4b_final,missing_sort_transform,wbexp_asean_ag_prd_crel_mt_cereal_production_metric_tons,explicit,vi,bar,"So sánh chỉ số cereal production (metric tons) ở các quốc gia, biến thể 21.",
stress230_080,vinl2vis_01886,strict_transform_failure,deterministic_semantic_failure,strict_transformation_audit.csv,english_final,missing_filter_transform,wb_asean_literacy_rate_adult,explicit,en,tick_plot,Create a tick plot for asean adult literacy rate in 2023.,
stress230_081,vinl2vis_03302,strict_transform_failure,deterministic_semantic_failure,strict_transformation_audit.csv,english_final,missing_filter_transform,wb_asean_tax_revenue_share_gdp,explicit,en,bar,Compare countries by asean tax revenue share of gdp in 2024.,
stress230_082,vinl2vis_03512,strict_transform_failure,deterministic_semantic_failure,strict_transformation_audit.csv,english_final,missing_filter_transform,wb_asean_research_development_expenditure,explicit,en,bar,Compare countries by asean research and development expenditure in 2023.,
stress230_083,vinl2vis_04984,strict_transform_failure,deterministic_semantic_failure,strict_transformation_audit.csv,balanced_final,missing_filter_transform,wbexp_asean_ag_lnd_arbl_zs_arable_land_of_land_area,underspecified,vi,bar,Xếp hạng các nước theo chỉ số arable land (% of land area).,
stress230_084,vinl2vis_00842,strict_transform_failure,deterministic_semantic_failure,strict_transformation_audit.csv,matched_final,missing_filter_transform,wb_asean_agriculture_share_gdp,explicit,vi,bar,So sánh tỷ trọng nông nghiệp trong gdp các nước asean giữa các nước trong năm 2024.,
stress230_085,vinl2vis_23962,strict_transform_failure,deterministic_semantic_failure,strict_transformation_audit.csv,heldout8b_final,missing_filter_transform,wbexp_asean_bx_gsr_fcty_cd_primary_income_receipts_bop_current_us,explicit,vi,bar,"So sánh chỉ số primary income receipts (bop, current us$) ở các quốc gia, biến thể 21.",
stress230_086,vinl2vis_31424,strict_transform_failure,deterministic_semantic_failure,strict_transformation_audit.csv,heldout4b_final,missing_filter_transform,wbexp_asean_en_ghg_n2o_fe_mt_ce_ar5_nitrous_oxide_n2o_emissions_from_fugitive_emis,underspecified,vi,bar,Xếp hạng các nước theo chỉ số nitrous oxide (n2o) emissions from fugitive emissions (energy) (mt co2e).,
stress230_087,vinl2vis_33304,strict_transform_failure,deterministic_semantic_failure,strict_transformation_audit.csv,heldout8b_final,missing_filter_transform,wbexp_asean_fb_cbk_brch_p5_commercial_bank_branches_per_100_000_adults,underspecified,vi,bar,"Xếp hạng các nước theo chỉ số commercial bank branches (per 100,000 adults).",
stress230_088,vinl2vis_02603,strict_transform_failure,deterministic_semantic_failure,strict_transformation_audit.csv,matched_final,missing_filter_transform,wb_asean_pm25_exposure,explicit,en,line,Show the trend of asean pm2.5 air pollution exposure for Vietnam.,
stress230_089,vinl2vis_05317,strict_transform_failure,deterministic_semantic_failure,strict_transformation_audit.csv,heldout4b_final,missing_filter_transform|missing_sort_transform,wbexp_asean_ag_prd_crel_mt_cereal_production_metric_tons,explicit,vi,bar,"So sánh chỉ số cereal production (metric tons) ở các quốc gia, biến thể 16.",
stress230_090,vinl2vis_24002,strict_transform_failure,deterministic_semantic_failure,strict_transformation_audit.csv,heldout4b_final,missing_filter_transform|missing_sort_transform,wbexp_asean_bx_gsr_gnfs_cd_exports_of_goods_and_services_bop_current_us,explicit,vi,bar,"So sánh chỉ số exports of goods and services (bop, current us$) ở các quốc gia, biến thể 21.",
stress230_091,vinl2vis_01972,strict_transform_failure,deterministic_semantic_failure,strict_transformation_audit.csv,english_final,missing_filter_transform,wb_asean_labor_force_participation,explicit,en,bar,Compare countries by asean labor force participation in 2025.,
stress230_092,vinl2vis_25317,strict_transform_failure,deterministic_semantic_failure,strict_transformation_audit.csv,heldout4b_final,missing_filter_transform|missing_sort_transform,wbexp_asean_dc_dac_fral_cd_net_bilateral_aid_flows_from_dac_donors_france_current_,explicit,vi,bar,"So sánh chỉ số net bilateral aid flows from dac donors, france (current us$) ở các quốc gia, biến thể 16.",
stress230_093,vinl2vis_01054,strict_transform_failure,deterministic_semantic_failure,strict_transformation_audit.csv,matched_final,missing_filter_transform,wb_asean_fdi_net_inflows_share_gdp,explicit,vi,bar,Xếp hạng các nước theo fdi ròng vào trong gdp các nước asean trong năm 2024.,
stress230_094,vinl2vis_05522,strict_transform_failure,deterministic_semantic_failure,strict_transformation_audit.csv,heldout8b_final,missing_filter_transform,wbexp_asean_ag_yld_crel_kg_cereal_yield_kg_per_hectare,explicit,vi,bar,"So sánh chỉ số cereal yield (kg per hectare) ở các quốc gia, biến thể 21.",
stress230_095,vinl2vis_30664,strict_transform_failure,deterministic_semantic_failure,strict_transformation_audit.csv,heldout4b_final,missing_filter_transform,wbexp_asean_en_ghg_co2_fe_mt_ce_ar5_carbon_dioxide_co2_emissions_from_fugitive_emi,underspecified,vi,bar,Xếp hạng các nước theo chỉ số carbon dioxide (co2) emissions from fugitive emissions (energy) (mt co2e).,
stress230_096,vinl2vis_00922,strict_transform_failure,deterministic_semantic_failure,strict_transformation_audit.csv,matched_final,missing_filter_transform,wb_asean_industry_share_gdp,explicit,en,bar,Compare countries by asean industry share of gdp in 2024.,
stress230_097,vinl2vis_27704,strict_transform_failure,deterministic_semantic_failure,strict_transformation_audit.csv,balanced_final,missing_filter_transform,wbexp_asean_dt_oda_odat_gn_zs_net_oda_received_of_gni,underspecified,vi,bar,Xếp hạng các nước theo chỉ số net oda received (% of gni).,
stress230_098,vinl2vis_31384,strict_transform_failure,deterministic_semantic_failure,strict_transformation_audit.csv,heldout4b_final,missing_filter_transform,wbexp_asean_en_ghg_n2o_bu_mt_ce_ar5_nitrous_oxide_n2o_emissions_from_building_ener,underspecified,vi,bar,Xếp hạng các nước theo chỉ số nitrous oxide (n2o) emissions from building (energy) (mt co2e).,
stress230_099,vinl2vis_23744,strict_transform_failure,deterministic_semantic_failure,strict_transformation_audit.csv,balanced_final,missing_filter_transform|missing_sort_transform,wbexp_asean_bx_grt_exta_cd_wd_grants_excluding_technical_cooperation_bop_current_u,underspecified,vi,bar,"Xếp hạng các nước theo chỉ số grants, excluding technical cooperation (bop, current us$).",
stress230_100,vinl2vis_31904,strict_transform_failure,deterministic_semantic_failure,strict_transformation_audit.csv,heldout8b_final,missing_filter_transform,wbexp_asean_en_urb_lcty_population_in_largest_city,underspecified,vi,bar,Xếp hạng các nước theo chỉ số population in largest city.,
stress230_101,vinl2vis_30584,strict_transform_failure,deterministic_semantic_failure,strict_transformation_audit.csv,heldout8b_final,missing_filter_transform,wbexp_asean_en_ghg_co2_ag_mt_ce_ar5_carbon_dioxide_co2_emissions_from_agriculture_,underspecified,vi,bar,Xếp hạng các nước theo chỉ số carbon dioxide (co2) emissions from agriculture (mt co2e).,
stress230_102,vinl2vis_28864,strict_transform_failure,deterministic_semantic_failure,strict_transformation_audit.csv,balanced_final,missing_filter_transform,wbexp_asean_eg_elc_loss_zs_electric_power_transmission_and_distribution_losses_of_,underspecified,vi,bar,Xếp hạng các nước theo chỉ số electric power transmission and distribution losses (% of output).,
stress230_103,vinl2vis_25797,strict_transform_failure,deterministic_semantic_failure,strict_transformation_audit.csv,heldout8b_final,missing_filter_transform,wbexp_asean_dc_dac_swel_cd_net_bilateral_aid_flows_from_dac_donors_sweden_current_,explicit,vi,bar,"So sánh chỉ số net bilateral aid flows from dac donors, sweden (current us$) ở các quốc gia, biến thể 16.",
stress230_104,vinl2vis_24183,strict_transform_failure,deterministic_semantic_failure,strict_transformation_audit.csv,balanced_final,missing_filter_transform|missing_sort_transform,wbexp_asean_bx_gsr_totl_cd_exports_of_goods_services_and_primary_income_bop_curren,explicit,vi,bar,"So sánh chỉ số exports of goods, services and primary income (bop, current us$) giữa các nước ở năm mới nhất.",
stress230_105,vinl2vis_30544,strict_transform_failure,deterministic_semantic_failure,strict_transformation_audit.csv,heldout4b_final,missing_filter_transform,wbexp_asean_en_ghg_ch4_zg_ar5_methane_ch4_emissions_total_excluding_lulucf_change_,underspecified,vi,bar,Xếp hạng các nước theo chỉ số methane (ch4) emissions (total) excluding lulucf (% change from 1990).,
stress230_106,vinl2vis_29864,strict_transform_failure,deterministic_semantic_failure,strict_transformation_audit.csv,balanced_final,missing_filter_transform,wbexp_asean_en_clc_cddy_xd_cooling_degree_days,underspecified,vi,bar,Xếp hạng các nước theo chỉ số cooling degree days.,
stress230_107,vinl2vis_24824,strict_transform_failure,deterministic_semantic_failure,strict_transformation_audit.csv,balanced_final,missing_filter_transform,wbexp_asean_cm_mkt_trnr_stocks_traded_turnover_ratio_of_domestic_shares,underspecified,vi,bar,"Xếp hạng các nước theo chỉ số stocks traded, turnover ratio of domestic shares (%).",
stress230_108,vinl2vis_23743,strict_transform_failure,deterministic_semantic_failure,strict_transformation_audit.csv,balanced_final,missing_filter_transform|missing_sort_transform,wbexp_asean_bx_grt_exta_cd_wd_grants_excluding_technical_cooperation_bop_current_u,explicit,vi,bar,"So sánh chỉ số grants, excluding technical cooperation (bop, current us$) giữa các nước ở năm mới nhất.",
stress230_109,vinl2vis_33544,strict_transform_failure,deterministic_semantic_failure,strict_transformation_audit.csv,heldout4b_final,missing_filter_transform,wbexp_asean_fi_res_totl_dt_zs_total_reserves_of_total_external_debt,underspecified,vi,bar,Xếp hạng các nước theo chỉ số total reserves (% of total external debt).,
stress230_110,vinl2vis_02602,strict_transform_failure,deterministic_semantic_failure,strict_transformation_audit.csv,matched_final,missing_filter_transform,wb_asean_pm25_exposure,explicit,en,bar,Compare countries by asean pm2.5 air pollution exposure in 2020.,
stress230_111,vinl2vis_00004,strict_transform_failure,deterministic_semantic_failure,strict_transformation_audit.csv,matched_final,missing_filter_transform,wb_asean_population,explicit,vi,bar,Xếp hạng các nước theo dân số các nước asean trong năm 2024.,
stress230_112,vinl2vis_00543,strict_transform_failure,deterministic_semantic_failure,strict_transformation_audit.csv,matched_final,missing_aggregation_transform,wb_asean_gdp_per_capita,explicit,en,histogram,Draw a histogram of asean gdp per capita.,
stress230_113,vinl2vis_02322,strict_transform_failure,deterministic_semantic_failure,strict_transformation_audit.csv,matched_final,missing_filter_transform,wb_asean_renewable_energy_consumption,explicit,en,bar,Compare countries by asean renewable energy consumption in 2022.,
stress230_114,vinl2vis_25023,strict_transform_failure,deterministic_semantic_failure,strict_transformation_audit.csv,balanced_final,missing_filter_transform|missing_sort_transform,wbexp_asean_dc_dac_cecl_cd_net_bilateral_aid_flows_from_dac_donors_european_union_,explicit,vi,bar,"So sánh chỉ số net bilateral aid flows from dac donors, european union institutions (current us$) giữa các nước ở năm mới nhất.",
stress230_115,vinl2vis_25842,strict_transform_failure,deterministic_semantic_failure,strict_transformation_audit.csv,heldout8b_final,missing_filter_transform,wbexp_asean_dc_dac_totl_cd_net_bilateral_aid_flows_from_dac_donors_total_current_u,explicit,vi,bar,"So sánh chỉ số net bilateral aid flows from dac donors, total (current us$) ở các quốc gia, biến thể 21.",
stress230_116,vinl2vis_23962,strict_transform_failure,deterministic_semantic_failure,strict_transformation_audit.csv,heldout4b_final,missing_filter_transform|missing_sort_transform,wbexp_asean_bx_gsr_fcty_cd_primary_income_receipts_bop_current_us,explicit,vi,bar,"So sánh chỉ số primary income receipts (bop, current us$) ở các quốc gia, biến thể 21.",
stress230_117,vinl2vis_02314,strict_transform_failure,deterministic_semantic_failure,strict_transformation_audit.csv,matched_final,missing_filter_transform|missing_sort_transform,wb_asean_renewable_energy_consumption,explicit,vi,bar,Xếp hạng các nước theo tỷ lệ năng lượng tái tạo các nước asean trong năm 2022.,
stress230_118,vinl2vis_31184,strict_transform_failure,deterministic_semantic_failure,strict_transformation_audit.csv,heldout8b_final,missing_filter_transform,wbexp_asean_en_ghg_co2_tr_mt_ce_ar5_carbon_dioxide_co2_emissions_from_transport_en,underspecified,vi,bar,Xếp hạng các nước theo chỉ số carbon dioxide (co2) emissions from transport (energy) (mt co2e).,
stress230_119,vinl2vis_25242,strict_transform_failure,deterministic_semantic_failure,strict_transformation_audit.csv,heldout8b_final,missing_filter_transform,wbexp_asean_dc_dac_espl_cd_net_bilateral_aid_flows_from_dac_donors_spain_current_u,explicit,vi,bar,"So sánh chỉ số net bilateral aid flows from dac donors, spain (current us$) ở các quốc gia, biến thể 21.",
stress230_120,vinl2vis_26384,strict_transform_failure,deterministic_semantic_failure,strict_transformation_audit.csv,balanced_final,missing_filter_transform,wbexp_asean_dt_nfl_bond_cd_portfolio_investment_bonds_ppg_png_nfl_current_us,underspecified,vi,bar,"Xếp hạng các nước theo chỉ số portfolio investment, bonds (ppg + png) (nfl, current us$).",
stress230_121,vinl2vis_25877,strict_transform_failure,deterministic_semantic_failure,strict_transformation_audit.csv,heldout8b_final,missing_filter_transform,wbexp_asean_dc_dac_usal_cd_net_bilateral_aid_flows_from_dac_donors_united_states_c,explicit,vi,bar,"So sánh chỉ số net bilateral aid flows from dac donors, united states (current us$) ở các quốc gia, biến thể 16.",
stress230_122,vinl2vis_24402,strict_transform_failure,deterministic_semantic_failure,strict_transformation_audit.csv,heldout8b_final,missing_filter_transform,wbexp_asean_bx_pef_totl_cd_wd_portfolio_equity_net_inflows_bop_current_us,explicit,vi,bar,"So sánh chỉ số portfolio equity, net inflows (bop, current us$) ở các quốc gia, biến thể 21.",
stress230_123,vinl2vis_23517,strict_transform_failure,deterministic_semantic_failure,strict_transformation_audit.csv,heldout8b_final,missing_filter_transform,wbexp_asean_bn_kac_eoms_cd_net_errors_and_omissions_bop_current_us,explicit,vi,bar,"So sánh chỉ số net errors and omissions (bop, current us$) ở các quốc gia, biến thể 16.",
stress230_124,vinl2vis_24322,strict_transform_failure,deterministic_semantic_failure,strict_transformation_audit.csv,heldout8b_final,missing_filter_transform,wbexp_asean_bx_klt_dinv_cd_wd_foreign_direct_investment_net_inflows_bop_current_us,explicit,vi,bar,"So sánh chỉ số foreign direct investment, net inflows (bop, current us$) ở các quốc gia, biến thể 21.",
stress230_125,vinl2vis_23082,strict_transform_failure,deterministic_semantic_failure,strict_transformation_audit.csv,heldout8b_final,missing_filter_transform,wbexp_asean_bm_gsr_trvl_zs_travel_services_of_service_imports_bop,explicit,vi,bar,"So sánh chỉ số travel services (% of service imports, bop) ở các quốc gia, biến thể 21.",
stress230_126,vinl2vis_26184,strict_transform_failure,deterministic_semantic_failure,strict_transformation_audit.csv,balanced_final,missing_filter_transform,wbexp_asean_dt_dod_dstc_zs_short_term_debt_of_total_external_debt,underspecified,vi,bar,Xếp hạng các nước theo chỉ số short-term debt (% of total external debt).,
stress230_127,vinl2vis_24477,strict_transform_failure,deterministic_semantic_failure,strict_transformation_audit.csv,heldout4b_final,missing_filter_transform|missing_sort_transform,wbexp_asean_bx_trf_pwkr_cd_personal_transfers_receipts_bop_current_us,explicit,vi,bar,"So sánh chỉ số personal transfers, receipts (bop, current us$) ở các quốc gia, biến thể 16.",
stress230_128,vinl2vis_23957,strict_transform_failure,deterministic_semantic_failure,strict_transformation_audit.csv,heldout8b_final,missing_filter_transform,wbexp_asean_bx_gsr_fcty_cd_primary_income_receipts_bop_current_us,explicit,vi,bar,"So sánh chỉ số primary income receipts (bop, current us$) ở các quốc gia, biến thể 16.",
stress230_129,vinl2vis_00712,strict_transform_failure,deterministic_semantic_failure,strict_transformation_audit.csv,english_final,missing_filter_transform,wb_asean_exports_share_gdp,explicit,en,bar,Compare countries by asean exports share of gdp in 2024.,
stress230_130,vinl2vis_31584,strict_transform_failure,deterministic_semantic_failure,strict_transformation_audit.csv,heldout4b_final,missing_filter_transform,wbexp_asean_en_ghg_n2o_pi_mt_ce_ar5_nitrous_oxide_n2o_emissions_from_power_industr,underspecified,vi,bar,Xếp hạng các nước theo chỉ số nitrous oxide (n2o) emissions from power industry (energy) (mt co2e).,
stress230_131,vinl2vis_23197,strict_transform_failure,deterministic_semantic_failure,strict_transformation_audit.csv,heldout8b_final,missing_filter_transform,wbexp_asean_bm_trf_prvt_cd_secondary_income_other_sectors_payments_bop_current_us,explicit,vi,bar,"So sánh chỉ số secondary income, other sectors, payments (bop, current us$) ở các quốc gia, biến thể 16.",
stress230_132,vinl2vis_01822,strict_transform_failure,deterministic_semantic_failure,strict_transformation_audit.csv,matched_final,missing_filter_transform,wb_asean_literacy_rate_adult,explicit,vi,bar,So sánh tỷ lệ biết chữ người lớn các nước asean giữa các nước trong năm 2023.,
stress230_133,vinl2vis_00362,strict_transform_failure,deterministic_semantic_failure,strict_transformation_audit.csv,english_final,missing_filter_transform,wb_asean_age_dependency_ratio,explicit,en,bar,Compare countries by asean age dependency ratio in 2024.,
stress230_134,vinl2vis_25202,strict_transform_failure,deterministic_semantic_failure,strict_transformation_audit.csv,heldout8b_final,missing_filter_transform,wbexp_asean_dc_dac_dnkl_cd_net_bilateral_aid_flows_from_dac_donors_denmark_current,explicit,vi,bar,"So sánh chỉ số net bilateral aid flows from dac donors, denmark (current us$) ở các quốc gia, biến thể 21.",
stress230_135,vinl2vis_05362,strict_transform_failure,deterministic_semantic_failure,strict_transformation_audit.csv,heldout4b_final,missing_filter_transform|missing_sort_transform,wbexp_asean_ag_prd_crop_xd_crop_production_index_2014_2016_100,explicit,vi,bar,"So sánh chỉ số crop production index (2014-2016 = 100) ở các quốc gia, biến thể 21.",
stress230_136,vinl2vis_23464,strict_transform_failure,deterministic_semantic_failure,strict_transformation_audit.csv,balanced_final,missing_filter_transform,wbexp_asean_bn_gsr_mrch_cd_net_trade_in_goods_bop_current_us,underspecified,vi,bar,"Xếp hạng các nước theo chỉ số net trade in goods (bop, current us$).",
stress230_137,vinl2vis_31304,strict_transform_failure,deterministic_semantic_failure,strict_transformation_audit.csv,heldout4b_final,missing_filter_transform,wbexp_asean_en_ghg_fgas_ip_mt_ce_ar5_f_gases_emissions_from_industrial_processes_m,underspecified,vi,bar,Xếp hạng các nước theo chỉ số f-gases emissions from industrial processes (mt co2e).,
stress230_138,vinl2vis_01272,strict_transform_failure,deterministic_semantic_failure,strict_transformation_audit.csv,english_final,missing_filter_transform,wb_asean_under5_mortality,explicit,en,bar,Compare countries by asean under-five mortality in 2024.,
stress230_139,vinl2vis_23282,strict_transform_failure,deterministic_semantic_failure,strict_transformation_audit.csv,heldout4b_final,missing_filter_transform|missing_sort_transform,wbexp_asean_bn_cab_xoka_cd_current_account_balance_bop_current_us,explicit,vi,bar,"So sánh chỉ số current account balance (bop, current us$) ở các quốc gia, biến thể 21.",
stress230_140,vinl2vis_23562,strict_transform_failure,deterministic_semantic_failure,strict_transformation_audit.csv,heldout4b_final,missing_filter_transform|missing_sort_transform,wbexp_asean_bn_klt_dinv_cd_foreign_direct_investment_net_bop_current_us,explicit,vi,bar,"So sánh chỉ số foreign direct investment, net (bop, current us$) ở các quốc gia, biến thể 21.",
stress230_141,vinl2vis_31464,strict_transform_failure,deterministic_semantic_failure,strict_transformation_audit.csv,heldout4b_final,missing_filter_transform,wbexp_asean_en_ghg_n2o_ic_mt_ce_ar5_nitrous_oxide_n2o_emissions_from_industrial_co,underspecified,vi,bar,Xếp hạng các nước theo chỉ số nitrous oxide (n2o) emissions from industrial combustion (energy) (mt co2e).,
stress230_142,vinl2vis_05504,strict_transform_failure,deterministic_semantic_failure,strict_transformation_audit.csv,balanced_final,missing_filter_transform,wbexp_asean_ag_yld_crel_kg_cereal_yield_kg_per_hectare,underspecified,vi,bar,Xếp hạng các nước theo chỉ số cereal yield (kg per hectare).,
stress230_143,vinl2vis_24237,strict_transform_failure,deterministic_semantic_failure,strict_transformation_audit.csv,heldout8b_final,missing_filter_transform,wbexp_asean_bx_gsr_tran_zs_transport_services_of_service_exports_bop,explicit,vi,bar,"So sánh chỉ số transport services (% of service exports, bop) ở các quốc gia, biến thể 16.",
stress230_144,vinl2vis_03442,strict_transform_failure,deterministic_semantic_failure,strict_transformation_audit.csv,matched_final,missing_filter_transform,wb_asean_market_capitalization_share_gdp,explicit,en,bar,Compare countries by asean market capitalization share of gdp in 2024.,
stress230_145,vinl2vis_24037,strict_transform_failure,deterministic_semantic_failure,strict_transformation_audit.csv,heldout8b_final,missing_filter_transform,wbexp_asean_bx_gsr_insf_zs_insurance_and_financial_services_of_service_exports_bop,explicit,vi,bar,"So sánh chỉ số insurance and financial services (% of service exports, bop) ở các quốc gia, biến thể 16.",
stress230_146,vinl2vis_01606,strict_transform_failure,deterministic_semantic_failure,strict_transformation_audit.csv,english_final,missing_filter_transform,wb_asean_primary_school_enrollment,explicit,en,tick_plot,Create a tick plot for asean primary school enrollment in 2025.,
stress230_147,vinl2vis_25882,strict_transform_failure,deterministic_semantic_failure,strict_transformation_audit.csv,heldout8b_final,missing_filter_transform,wbexp_asean_dc_dac_usal_cd_net_bilateral_aid_flows_from_dac_donors_united_states_c,explicit,vi,bar,"So sánh chỉ số net bilateral aid flows from dac donors, united states (current us$) ở các quốc gia, biến thể 21.",
stress230_148,vinl2vis_23317,strict_transform_failure,deterministic_semantic_failure,strict_transformation_audit.csv,heldout4b_final,missing_filter_transform|missing_sort_transform,wbexp_asean_bn_cab_xoka_gd_zs_current_account_balance_of_gdp,explicit,vi,bar,"So sánh chỉ số current account balance (% of gdp) ở các quốc gia, biến thể 16.",
stress230_149,vinl2vis_22584,primary_vlm_flagged,primary_vlm_visual_flag,vlm_audit_vietnamese_balanced_auditfix_v2_n1000_qwen3vl4b_promptv4,balanced_final,wrong_chart_type,wbexp_asean_bg_gsr_nfsv_gd_zs_trade_in_services_of_gdp,underspecified,vi,bar,Xếp hạng các nước theo chỉ số trade in services (% of gdp).,
stress230_150,vinl2vis_28591,primary_vlm_flagged,primary_vlm_visual_flag,vlm_audit_heldout860_qwen3_8b_visualfix_v3_n500_qwen3vl4b_promptv4,heldout8b_visualfix,wrong_chart_type,wbexp_asean_eg_egy_prim_pp_kd_energy_intensity_level_of_primary_energy_mj_2021_ppp,multi_turn,vi,bar,"Hãy so sánh các nước.
Dùng năm mới nhất.",
stress230_151,vinl2vis_03692,primary_vlm_flagged,primary_vlm_visual_flag,vlm_audit_matched_bilingual_auditfix_v2_n1000_qwen3vl4b_promptv4,matched_final,wrong_chart_type,owid_life_expectancy_vietnam,explicit,vi,boxplot,Dùng boxplot để xem độ phân tán tuổi thọ kỳ vọng của việt nam theo quốc gia.,
stress230_152,vinl2vis_27144,primary_vlm_flagged,primary_vlm_visual_flag,vlm_audit_vietnamese_balanced_auditfix_v2_n1000_qwen3vl4b_promptv4,balanced_final,wrong_chart_type,wbexp_asean_dt_nfl_rdbc_cd_net_financial_flows_rdb_concessional_nfl_current_us,underspecified,vi,bar,"Xếp hạng các nước theo chỉ số net financial flows, rdb concessional (nfl, current us$).",
stress230_153,vinl2vis_03006,primary_vlm_flagged,primary_vlm_visual_flag,vlm_audit_english_explicit_auditfix_v2_n1000_qwen3vl4b_promptv4,english_final,wrong_chart_type,wb_asean_basic_sanitation,explicit,en,tick_plot,Create a tick plot for asean basic sanitation services in 2024.,
stress230_154,vinl2vis_03654,primary_vlm_flagged,primary_vlm_visual_flag,vlm_audit_matched_bilingual_auditfix_v2_n1000_qwen3vl4b_promptv4,matched_final,wrong_chart_type,owid_life_expectancy_vietnam,explicit,en,bar,Rank countries by vietnam life expectancy in the latest year.,
stress230_155,vinl2vis_00556,primary_vlm_flagged,primary_vlm_visual_flag,vlm_audit_english_explicit_auditfix_v2_n1000_qwen3vl4b_promptv4,english_final,wrong_chart_type,wb_asean_gdp_per_capita,explicit,en,tick_plot,Create a tick plot for asean gdp per capita in 2024.,
stress230_156,vinl2vis_03654,primary_vlm_flagged,primary_vlm_visual_flag,vlm_audit_english_explicit_auditfix_v2_n1000_qwen3vl4b_promptv4,english_final,wrong_chart_type,owid_life_expectancy_vietnam,explicit,en,bar,Rank countries by vietnam life expectancy in the latest year.,
stress230_157,vinl2vis_04076,primary_vlm_flagged,primary_vlm_visual_flag,vlm_audit_english_explicit_auditfix_v2_n1000_qwen3vl4b_promptv4,english_final,wrong_chart_type,derived_education_profile,explicit,en,bar,Compare countries by Tỷ lệ nhập học đại học in the latest year.,
stress230_158,vinl2vis_04144,primary_vlm_flagged,primary_vlm_visual_flag,vlm_audit_matched_bilingual_auditfix_v2_n1000_qwen3vl4b_promptv4,matched_final,wrong_chart_type,derived_labor_technology_profile,explicit,en,heatmap,Create a heatmap of Tỷ lệ thất nghiệp by country and year.,
stress230_159,vinl2vis_03714,primary_vlm_flagged,primary_vlm_visual_flag,vlm_audit_matched_bilingual_auditfix_v2_n1000_qwen3vl4b_promptv4,matched_final,wrong_chart_type,owid_co2_per_capita_vietnam,explicit,vi,bar,Xếp hạng các nước theo phát thải co2 bình quân đầu người của việt nam trong năm 2024.,
stress230_160,vinl2vis_04125,primary_vlm_flagged,primary_vlm_visual_flag,vlm_audit_english_explicit_auditfix_v2_n1000_qwen3vl4b_promptv4,english_final,wrong_fields,derived_education_profile,explicit,en,bubble_chart,"Create a bubble chart using Tỷ lệ nhập học tiểu học, Tỷ lệ nhập học trung học, and Tỷ lệ nhập học đại học.",
stress230_161,vinl2vis_23904,primary_vlm_flagged,primary_vlm_visual_flag,vlm_audit_vietnamese_balanced_auditfix_v2_n1000_qwen3vl4b_promptv4,balanced_final,wrong_chart_type,wbexp_asean_bx_gsr_cmcp_zs_communications_computer_etc_of_service_exports_bop,underspecified,vi,bar,"Xếp hạng các nước theo chỉ số communications, computer, etc. (% of service exports, bop).",
stress230_162,vinl2vis_24104,primary_vlm_flagged,primary_vlm_visual_flag,vlm_audit_vietnamese_balanced_auditfix_v2_n1000_qwen3vl4b_promptv4,balanced_final,wrong_chart_type,wbexp_asean_bx_gsr_nfsv_cd_service_exports_bop_current_us,underspecified,vi,bar,"Xếp hạng các nước theo chỉ số service exports (bop, current us$).",
stress230_163,vinl2vis_03356,primary_vlm_flagged,primary_vlm_visual_flag,vlm_audit_english_explicit_auditfix_v2_n1000_qwen3vl4b_promptv4,english_final,wrong_chart_type,wb_asean_tax_revenue_share_gdp,explicit,en,tick_plot,Create a tick plot for asean tax revenue share of gdp in 2024.,
stress230_164,vinl2vis_02866,primary_vlm_flagged,primary_vlm_visual_flag,vlm_audit_english_explicit_auditfix_v2_n1000_qwen3vl4b_promptv4,english_final,wrong_chart_type,wb_asean_container_port_traffic,explicit,en,tick_plot,Create a tick plot for asean container port traffic in 2022.,
stress230_165,vinl2vis_01694,primary_vlm_flagged,primary_vlm_visual_flag,vlm_audit_english_explicit_auditfix_v2_n1000_qwen3vl4b_promptv4,english_final,wrong_chart_type,wb_asean_tertiary_school_enrollment,explicit,en,bar,Rank countries by asean tertiary school enrollment in the latest year.,
stress230_166,vinl2vis_04056,primary_vlm_flagged,primary_vlm_visual_flag,vlm_audit_english_explicit_auditfix_v2_n1000_qwen3vl4b_promptv4,english_final,wrong_chart_type,derived_health_profile,explicit,en,tick_plot,Create a tick plot for Tuổi thọ kỳ vọng in 2023.,
stress230_167,vinl2vis_22864,primary_vlm_flagged,primary_vlm_visual_flag,vlm_audit_vietnamese_balanced_auditfix_v2_n1000_qwen3vl4b_promptv4,balanced_final,wrong_chart_type,wbexp_asean_bm_gsr_mrch_cd_goods_imports_bop_current_us,underspecified,vi,bar,"Xếp hạng các nước theo chỉ số goods imports (bop, current us$).",
stress230_168,vinl2vis_22824,primary_vlm_flagged,primary_vlm_visual_flag,vlm_audit_vietnamese_balanced_auditfix_v2_n1000_qwen3vl4b_promptv4,balanced_final,wrong_chart_type,wbexp_asean_bm_gsr_insf_zs_insurance_and_financial_services_of_service_imports_bop,underspecified,vi,bar,"Xếp hạng các nước theo chỉ số insurance and financial services (% of service imports, bop).",
stress230_169,vinl2vis_03146,primary_vlm_flagged,primary_vlm_visual_flag,vlm_audit_english_explicit_auditfix_v2_n1000_qwen3vl4b_promptv4,english_final,wrong_chart_type,wb_asean_hospital_beds,explicit,en,tick_plot,Create a tick plot for asean hospital beds in 2023.,
stress230_170,vinl2vis_31704,primary_vlm_flagged,primary_vlm_visual_flag,vlm_audit_heldout860_qwen3_4b_visualfix_v1_n860_qwen3vl4b_promptv4,heldout4b_visualfix,wrong_chart_type,wbexp_asean_en_ghg_n2o_zg_ar5_nitrous_oxide_n2o_emissions_total_excluding_lulucf_c,underspecified,vi,bar,Xếp hạng các nước theo chỉ số nitrous oxide (n2o) emissions (total) excluding lulucf (% change from 1990).,
stress230_171,vinl2vis_02324,primary_vlm_flagged,primary_vlm_visual_flag,vlm_audit_english_explicit_auditfix_v2_n1000_qwen3vl4b_promptv4,english_final,wrong_chart_type,wb_asean_renewable_energy_consumption,explicit,en,bar,Rank countries by asean renewable energy consumption in the latest year.,
stress230_172,vinl2vis_00626,primary_vlm_flagged,primary_vlm_visual_flag,vlm_audit_english_explicit_auditfix_v2_n1000_qwen3vl4b_promptv4,english_final,wrong_chart_type,wb_asean_gdp_growth,explicit,en,tick_plot,Create a tick plot for asean gdp growth in 2024.,
stress230_173,vinl2vis_03724,primary_vlm_flagged,primary_vlm_visual_flag,vlm_audit_english_explicit_auditfix_v2_n1000_qwen3vl4b_promptv4,english_final,wrong_chart_type,owid_co2_per_capita_vietnam,explicit,en,bar,Rank countries by vietnam co2 emissions per capita in the latest year.,
stress230_174,vinl2vis_00696,primary_vlm_flagged,primary_vlm_visual_flag,vlm_audit_english_explicit_auditfix_v2_n1000_qwen3vl4b_promptv4,english_final,wrong_chart_type,wb_asean_inflation_cpi,explicit,en,tick_plot,Create a tick plot for asean inflation consumer prices in 2024.,
stress230_175,vinl2vis_03712,primary_vlm_flagged,primary_vlm_visual_flag,vlm_audit_matched_bilingual_auditfix_v2_n1000_qwen3vl4b_promptv4,matched_final,wrong_chart_type,owid_co2_per_capita_vietnam,explicit,vi,bar,So sánh phát thải co2 bình quân đầu người của việt nam giữa các nước trong năm 2024.,
stress230_176,vinl2vis_24504,primary_vlm_flagged,primary_vlm_visual_flag,vlm_audit_vietnamese_balanced_auditfix_v2_n1000_qwen3vl4b_promptv4,balanced_final,wrong_chart_type,wbexp_asean_bx_trf_pwkr_cd_dt_personal_remittances_received_current_us,underspecified,vi,bar,"Xếp hạng các nước theo chỉ số personal remittances, received (current us$).",
stress230_177,vinl2vis_29151,primary_vlm_flagged,primary_vlm_visual_flag,vlm_audit_heldout860_qwen3_4b_visualfix_v1_n860_qwen3vl4b_promptv4,heldout4b_visualfix,wrong_chart_type,wbexp_asean_eg_fec_rnew_zs_renewable_energy_consumption_of_total_final_energy_cons,multi_turn,vi,bar,"Hãy so sánh các nước.
Dùng năm mới nhất.",
stress230_178,vinl2vis_00346,primary_vlm_flagged,primary_vlm_visual_flag,vlm_audit_english_explicit_auditfix_v2_n1000_qwen3vl4b_promptv4,english_final,wrong_chart_type,wb_asean_fertility_rate,explicit,en,tick_plot,Create a tick plot for asean fertility rate in 2024.,
stress230_179,vinl2vis_01834,primary_vlm_flagged,primary_vlm_visual_flag,vlm_audit_english_explicit_auditfix_v2_n1000_qwen3vl4b_promptv4,english_final,wrong_chart_type,wb_asean_literacy_rate_adult,explicit,en,bar,Rank countries by asean adult literacy rate in the latest year.,
stress230_180,vinl2vis_28904,primary_vlm_flagged,primary_vlm_visual_flag,vlm_audit_vietnamese_balanced_auditfix_v2_n1000_qwen3vl4b_promptv4,balanced_final,wrong_chart_type,wbexp_asean_eg_elc_ngas_zs_electricity_production_from_natural_gas_sources_of_tota,underspecified,vi,bar,Xếp hạng các nước theo chỉ số electricity production from natural gas sources (% of total).,
stress230_181,vinl2vis_03076,primary_vlm_flagged,primary_vlm_visual_flag,vlm_audit_english_explicit_auditfix_v2_n1000_qwen3vl4b_promptv4,english_final,wrong_chart_type,wb_asean_measles_immunization,explicit,en,tick_plot,Create a tick plot for asean measles immunization in 2024.,
stress230_182,vinl2vis_03652,primary_vlm_flagged,primary_vlm_visual_flag,vlm_audit_matched_bilingual_auditfix_v2_n1000_qwen3vl4b_promptv4,matched_final,wrong_chart_type,owid_life_expectancy_vietnam,explicit,en,bar,Compare countries by vietnam life expectancy in 2023.,
stress230_183,vinl2vis_23544,primary_vlm_flagged,primary_vlm_visual_flag,vlm_audit_vietnamese_balanced_auditfix_v2_n1000_qwen3vl4b_promptv4,balanced_final,wrong_chart_type,wbexp_asean_bn_klt_dinv_cd_foreign_direct_investment_net_bop_current_us,underspecified,vi,bar,"Xếp hạng các nước theo chỉ số foreign direct investment, net (bop, current us$).",
stress230_184,vinl2vis_01466,primary_vlm_flagged,primary_vlm_visual_flag,vlm_audit_english_explicit_auditfix_v2_n1000_qwen3vl4b_promptv4,english_final,wrong_chart_type,wb_asean_health_expenditure_share_gdp,explicit,en,tick_plot,Create a tick plot for asean health expenditure share of gdp in 2023.,
stress230_185,vinl2vis_27344,primary_vlm_flagged,primary_vlm_visual_flag,vlm_audit_vietnamese_balanced_auditfix_v2_n1000_qwen3vl4b_promptv4,balanced_final,wrong_chart_type,wbexp_asean_dt_nfl_undp_cd_net_official_flows_from_un_agencies_undp_current_us,underspecified,vi,bar,"Xếp hạng các nước theo chỉ số net official flows from un agencies, undp (current us$).",
stress230_186,vinl2vis_03722,primary_vlm_flagged,primary_vlm_visual_flag,vlm_audit_english_explicit_auditfix_v2_n1000_qwen3vl4b_promptv4,english_final,wrong_chart_type,owid_co2_per_capita_vietnam,explicit,en,bar,Compare countries by vietnam co2 emissions per capita in 2024.,
stress230_187,vinl2vis_29151,primary_vlm_flagged,primary_vlm_visual_flag,vlm_audit_heldout860_qwen3_8b_visualfix_v3_n500_qwen3vl4b_promptv4,heldout8b_visualfix,wrong_chart_type,wbexp_asean_eg_fec_rnew_zs_renewable_energy_consumption_of_total_final_energy_cons,multi_turn,vi,bar,"Hãy so sánh các nước.
Dùng năm mới nhất.",
stress230_188,vinl2vis_01676,primary_vlm_flagged,primary_vlm_visual_flag,vlm_audit_english_explicit_auditfix_v2_n1000_qwen3vl4b_promptv4,english_final,wrong_chart_type,wb_asean_secondary_school_enrollment,explicit,en,tick_plot,Create a tick plot for asean secondary school enrollment in 2025.,
stress230_189,vinl2vis_02586,primary_vlm_flagged,primary_vlm_visual_flag,vlm_audit_english_explicit_auditfix_v2_n1000_qwen3vl4b_promptv4,english_final,wrong_chart_type,wb_asean_freshwater_withdrawal_share,explicit,en,tick_plot,Create a tick plot for asean freshwater withdrawal share in 2022.,
stress230_190,vinl2vis_22587,primary_vlm_flagged,primary_vlm_visual_flag,vlm_audit_vietnamese_balanced_auditfix_v2_n1000_qwen3vl4b_promptv4,balanced_final,wrong_fields,wbexp_asean_bg_gsr_nfsv_gd_zs_trade_in_services_of_gdp,ambiguous,vi,line,Chỉ số Trade in services (% of GDP) gần đây thay đổi như thế nào?,
stress230_191,vinl2vis_28384,primary_vlm_flagged,primary_vlm_visual_flag,vlm_audit_vietnamese_balanced_auditfix_v2_n1000_qwen3vl4b_promptv4,balanced_final,wrong_chart_type,wbexp_asean_ef_efm_rank_xd_economic_fitness_ranking_1_high_149_low,underspecified,vi,bar,"Xếp hạng các nước theo chỉ số economic fitness ranking (1 = high, 149 = low).",
stress230_192,vinl2vis_01764,primary_vlm_flagged,primary_vlm_visual_flag,vlm_audit_matched_bilingual_auditfix_v2_n1000_qwen3vl4b_promptv4,matched_final,wrong_chart_type,wb_asean_education_expenditure_share_gdp,explicit,en,bar,Rank countries by asean education expenditure share of gdp in the latest year.,
stress230_193,vinl2vis_32864,primary_vlm_flagged,primary_vlm_visual_flag,vlm_audit_heldout860_qwen3_4b_visualfix_v1_n860_qwen3vl4b_promptv4,heldout4b_visualfix,wrong_chart_type,wbexp_asean_er_h2o_fwst_zs_level_of_water_stress_freshwater_withdrawal_as_a_propor,underspecified,vi,bar,Xếp hạng các nước theo chỉ số level of water stress: freshwater withdrawal as a proportion of available freshwater resources.,
stress230_194,vinl2vis_00276,primary_vlm_flagged,primary_vlm_visual_flag,vlm_audit_english_explicit_auditfix_v2_n1000_qwen3vl4b_promptv4,english_final,wrong_chart_type,wb_asean_rural_population_share,explicit,en,tick_plot,Create a tick plot for asean rural population share in 2024.,
stress230_195,vinl2vis_26504,primary_vlm_flagged,primary_vlm_visual_flag,vlm_audit_vietnamese_balanced_auditfix_v2_n1000_qwen3vl4b_promptv4,balanced_final,wrong_chart_type,wbexp_asean_dt_nfl_ifad_cd_net_official_flows_from_un_agencies_ifad_current_us,underspecified,vi,bar,"Xếp hạng các nước theo chỉ số net official flows from un agencies, ifad (current us$).",
stress230_196,vinl2vis_25824,primary_vlm_flagged,primary_vlm_visual_flag,vlm_audit_vietnamese_balanced_auditfix_v2_n1000_qwen3vl4b_promptv4,balanced_final,wrong_chart_type,wbexp_asean_dc_dac_totl_cd_net_bilateral_aid_flows_from_dac_donors_total_current_u,underspecified,vi,bar,"Xếp hạng các nước theo chỉ số net bilateral aid flows from dac donors, total (current us$).",
stress230_197,vinl2vis_00136,primary_vlm_flagged,primary_vlm_visual_flag,vlm_audit_english_explicit_auditfix_v2_n1000_qwen3vl4b_promptv4,english_final,wrong_chart_type,wb_asean_population_growth,explicit,en,tick_plot,Create a tick plot for asean population growth in 2024.,
stress230_198,vinl2vis_00215,primary_vlm_flagged,primary_vlm_visual_flag,vlm_audit_matched_bilingual_auditfix_v2_n1000_qwen3vl4b_promptv4,matched_final,wrong_chart_type,wb_asean_rural_population_share,explicit,vi,point,Dùng biểu đồ điểm để thể hiện tỷ lệ dân số nông thôn các nước asean qua các năm.,
stress230_199,vinl2vis_01764,primary_vlm_flagged,primary_vlm_visual_flag,vlm_audit_english_explicit_auditfix_v2_n1000_qwen3vl4b_promptv4,english_final,wrong_chart_type,wb_asean_education_expenditure_share_gdp,explicit,en,bar,Rank countries by asean education expenditure share of gdp in the latest year.,
stress230_200,vinl2vis_01326,primary_vlm_flagged,primary_vlm_visual_flag,vlm_audit_english_explicit_auditfix_v2_n1000_qwen3vl4b_promptv4,english_final,wrong_chart_type,wb_asean_under5_mortality,explicit,en,tick_plot,Create a tick plot for asean under-five mortality in 2024.,
stress230_201,vinl2vis_05424,primary_vlm_flagged,primary_vlm_visual_flag,vlm_audit_vietnamese_balanced_auditfix_v2_n1000_qwen3vl4b_promptv4,balanced_final,wrong_chart_type,wbexp_asean_ag_prd_lvsk_xd_livestock_production_index_2014_2016_100,underspecified,vi,bar,Xếp hạng các nước theo chỉ số livestock production index (2014-2016 = 100).,
stress230_202,vinl2vis_00766,primary_vlm_flagged,primary_vlm_visual_flag,vlm_audit_english_explicit_auditfix_v2_n1000_qwen3vl4b_promptv4,english_final,wrong_chart_type,wb_asean_exports_share_gdp,explicit,en,tick_plot,Create a tick plot for asean exports share of gdp in 2024.,
stress230_203,vinl2vis_01746,primary_vlm_flagged,primary_vlm_visual_flag,vlm_audit_english_explicit_auditfix_v2_n1000_qwen3vl4b_promptv4,english_final,wrong_chart_type,wb_asean_tertiary_school_enrollment,explicit,en,tick_plot,Create a tick plot for asean tertiary school enrollment in 2025.,
stress230_204,vinl2vis_03216,primary_vlm_flagged,primary_vlm_visual_flag,vlm_audit_english_explicit_auditfix_v2_n1000_qwen3vl4b_promptv4,english_final,wrong_chart_type,wb_asean_fixed_broadband_subscriptions,explicit,en,tick_plot,Create a tick plot for asean fixed broadband subscriptions in 2024.,
stress230_205,vinl2vis_27584,primary_vlm_flagged,primary_vlm_visual_flag,vlm_audit_vietnamese_balanced_auditfix_v2_n1000_qwen3vl4b_promptv4,balanced_final,wrong_chart_type,wbexp_asean_dt_oda_alld_kd_net_official_development_assistance_and_official_aid_re,underspecified,vi,bar,Xếp hạng các nước theo chỉ số net official development assistance and official aid received (constant 2023 us$).,
stress230_206,vinl2vis_03644,primary_vlm_flagged,primary_vlm_visual_flag,vlm_audit_matched_bilingual_auditfix_v2_n1000_qwen3vl4b_promptv4,matched_final,wrong_chart_type,owid_life_expectancy_vietnam,explicit,vi,bar,Xếp hạng các nước theo tuổi thọ kỳ vọng của việt nam trong năm 2023.,
stress230_207,vinl2vis_26591,primary_vlm_flagged,primary_vlm_visual_flag,vlm_audit_heldout860_qwen3_8b_visualfix_v3_n500_qwen3vl4b_promptv4,heldout8b_visualfix,wrong_chart_type,wbexp_asean_dt_nfl_imfn_cd_net_financial_flows_imf_nonconcessional_nfl_current_us,multi_turn,vi,bar,"Hãy so sánh các nước.
Dùng năm mới nhất.",
stress230_208,vinl2vis_03342,primary_vlm_flagged,primary_vlm_visual_flag,vlm_audit_matched_bilingual_auditfix_v2_n1000_qwen3vl4b_promptv4,matched_final,wrong_chart_type,wb_asean_tax_revenue_share_gdp,explicit,vi,boxplot,Dùng boxplot để xem độ phân tán thu thuế trong gdp các nước asean theo quốc gia.,
stress230_209,vinl2vis_25277,cross_or_weak_judge_disagreement,judge_disagreement,vlm_consensus_failure_cases.csv,heldout8b_final,wrong_fields,wbexp_asean_dc_dac_finl_cd_net_bilateral_aid_flows_from_dac_donors_finland_current,explicit,vi,bar,"So sánh chỉ số net bilateral aid flows from dac donors, finland (current us$) ở các quốc gia, biến thể 16.",Exclude from main validation evidence due unstable judge behavior.
stress230_210,vinl2vis_05361,cross_or_weak_judge_disagreement,judge_disagreement,vlm_consensus_failure_cases.csv,heldout8b_final,wrong_fields,wbexp_asean_ag_prd_crop_xd_crop_production_index_2014_2016_100,ambiguous,vi,line,Tạo biểu đồ phù hợp cho chỉ số crop production index (2014-2016 = 100) mẫu 20.,Exclude from main validation evidence due unstable judge behavior.
stress230_211,vinl2vis_25362,cross_or_weak_judge_disagreement,judge_disagreement,vlm_consensus_failure_cases.csv,heldout8b_final,wrong_fields,wbexp_asean_dc_dac_gbrl_cd_net_bilateral_aid_flows_from_dac_donors_united_kingdom_,explicit,vi,bar,"So sánh chỉ số net bilateral aid flows from dac donors, united kingdom (current us$) ở các quốc gia, biến thể 21.",Exclude from main validation evidence due unstable judge behavior.
stress230_212,vinl2vis_25842,cross_or_weak_judge_disagreement,judge_disagreement,vlm_consensus_failure_cases.csv,heldout8b_final,wrong_fields,wbexp_asean_dc_dac_totl_cd_net_bilateral_aid_flows_from_dac_donors_total_current_u,explicit,vi,bar,"So sánh chỉ số net bilateral aid flows from dac donors, total (current us$) ở các quốc gia, biến thể 21.",Exclude from main validation evidence due unstable judge behavior.
stress230_213,vinl2vis_31024,cross_or_weak_judge_disagreement,judge_disagreement,vlm_consensus_failure_cases.csv,heldout8b_final,missing,wbexp_asean_en_ghg_co2_pc_ce_ar5_carbon_dioxide_co2_emissions_excluding_lulucf_per,underspecified,vi,bar,Xếp hạng các nước theo chỉ số carbon dioxide (co2) emissions excluding lulucf per capita (t co2e/capita).,Exclude from main validation evidence due unstable judge behavior.
stress230_214,vinl2vis_05037,cross_or_weak_judge_disagreement,judge_disagreement,vlm_consensus_failure_cases.csv,heldout8b_final,wrong_fields,wbexp_asean_ag_lnd_crel_ha_land_under_cereal_production_hectares,explicit,vi,bar,"So sánh chỉ số land under cereal production (hectares) ở các quốc gia, biến thể 16.",Exclude from main validation evidence due unstable judge behavior.
stress230_215,vinl2vis_27350,cross_or_weak_judge_disagreement,judge_disagreement,vlm_consensus_failure_cases.csv,heldout8b_final,wrong_fields,wbexp_asean_dt_nfl_undp_cd_net_official_flows_from_un_agencies_undp_current_us,multi_turn,vi,line,"Tôi muốn xem xu hướng.
Dùng dữ liệu này và tách theo quốc gia.",Exclude from main validation evidence due unstable judge behavior.
stress230_216,vinl2vis_24002,cross_or_weak_judge_disagreement,judge_disagreement,vlm_consensus_failure_cases.csv,heldout8b_final,wrong_fields,wbexp_asean_bx_gsr_gnfs_cd_exports_of_goods_and_services_bop_current_us,explicit,vi,bar,"So sánh chỉ số exports of goods and services (bop, current us$) ở các quốc gia, biến thể 21.",Exclude from main validation evidence due unstable judge behavior.
stress230_217,vinl2vis_28151,cross_or_weak_judge_disagreement,judge_disagreement,vlm_consensus_failure_cases.csv,heldout8b_final,wrong_fields,wbexp_asean_dt_tds_dppg_gn_zs_public_and_publicly_guaranteed_debt_service_of_gni,multi_turn,vi,bar,"Hãy so sánh các nước.
Dùng năm mới nhất.",Exclude from main validation evidence due unstable judge behavior.
stress230_218,vinl2vis_24196,cross_or_weak_judge_disagreement,judge_disagreement,vlm_consensus_failure_cases.csv,heldout8b_final,wrong_fields,wbexp_asean_bx_gsr_totl_cd_exports_of_goods_services_and_primary_income_bop_curren,ambiguous,vi,line,"Tạo biểu đồ phù hợp cho chỉ số exports of goods, services and primary income (bop, current us$) mẫu 15.",Exclude from main validation evidence due unstable judge behavior.
stress230_219,vinl2vis_05161,cross_or_weak_judge_disagreement,judge_disagreement,vlm_consensus_failure_cases.csv,heldout8b_final,wrong_fields,wbexp_asean_ag_lnd_frst_k2_forest_area_sq_km,ambiguous,vi,line,Tạo biểu đồ phù hợp cho chỉ số forest area (sq. km) mẫu 20.,Exclude from main validation evidence due unstable judge behavior.
stress230_220,vinl2vis_25801,cross_or_weak_judge_disagreement,judge_disagreement,vlm_consensus_failure_cases.csv,heldout8b_final,wrong_fields,wbexp_asean_dc_dac_swel_cd_net_bilateral_aid_flows_from_dac_donors_sweden_current_,ambiguous,vi,line,"Tạo biểu đồ phù hợp cho chỉ số net bilateral aid flows from dac donors, sweden (current us$) mẫu 20.",Exclude from main validation evidence due unstable judge behavior.
stress230_221,vinl2vis_26070,cross_or_weak_judge_disagreement,judge_disagreement,vlm_consensus_failure_cases.csv,heldout8b_final,wrong_fields,wbexp_asean_dt_dod_dstc_cd_external_debt_stocks_short_term_dod_current_us,multi_turn,vi,line,"Tôi muốn xem xu hướng.
Dùng dữ liệu này và tách theo quốc gia.",Exclude from main validation evidence due unstable judge behavior.
stress230_222,vinl2vis_05042,cross_or_weak_judge_disagreement,judge_disagreement,vlm_consensus_failure_cases.csv,heldout8b_final,wrong_fields,wbexp_asean_ag_lnd_crel_ha_land_under_cereal_production_hectares,explicit,vi,bar,"So sánh chỉ số land under cereal production (hectares) ở các quốc gia, biến thể 21.",Exclude from main validation evidence due unstable judge behavior.
stress230_223,vinl2vis_30904,cross_or_weak_judge_disagreement,judge_disagreement,vlm_consensus_failure_cases.csv,heldout8b_final,wrong_fields,wbexp_asean_en_ghg_co2_lu_ol_mt_ce_ar5_carbon_dioxide_co2_net_fluxes_from_lulucf_o,underspecified,vi,bar,Xếp hạng các nước theo chỉ số carbon dioxide (co2) net fluxes from lulucf - other land (mt co2e).,Exclude from main validation evidence due unstable judge behavior.
stress230_224,vinl2vis_25197,cross_or_weak_judge_disagreement,judge_disagreement,vlm_consensus_failure_cases.csv,heldout8b_final,wrong_fields,wbexp_asean_dc_dac_dnkl_cd_net_bilateral_aid_flows_from_dac_donors_denmark_current,explicit,vi,bar,"So sánh chỉ số net bilateral aid flows from dac donors, denmark (current us$) ở các quốc gia, biến thể 16.",Exclude from main validation evidence due unstable judge behavior.
stress230_225,vinl2vis_23076,cross_or_weak_judge_disagreement,judge_disagreement,vlm_consensus_failure_cases.csv,heldout8b_final,wrong_fields,wbexp_asean_bm_gsr_trvl_zs_travel_services_of_service_imports_bop,ambiguous,vi,line,"Tạo biểu đồ phù hợp cho chỉ số travel services (% of service imports, bop) mẫu 15.",Exclude from main validation evidence due unstable judge behavior.
stress230_226,vinl2vis_25281,cross_or_weak_judge_disagreement,judge_disagreement,vlm_consensus_failure_cases.csv,heldout8b_final,wrong_fields,wbexp_asean_dc_dac_finl_cd_net_bilateral_aid_flows_from_dac_donors_finland_current,ambiguous,vi,line,"Tạo biểu đồ phù hợp cho chỉ số net bilateral aid flows from dac donors, finland (current us$) mẫu 20.",Exclude from main validation evidence due unstable judge behavior.
stress230_227,vinl2vis_25601,cross_or_weak_judge_disagreement,judge_disagreement,vlm_consensus_failure_cases.csv,heldout8b_final,wrong_fields,wbexp_asean_dc_dac_luxl_cd_net_bilateral_aid_flows_from_dac_donors_luxembourg_curr,ambiguous,vi,line,"Tạo biểu đồ phù hợp cho chỉ số net bilateral aid flows from dac donors, luxembourg (current us$) mẫu 20.",Exclude from main validation evidence due unstable judge behavior.
stress230_228,vinl2vis_23397,cross_or_weak_judge_disagreement,judge_disagreement,vlm_consensus_failure_cases.csv,heldout8b_final,wrong_fields|unreadable,wbexp_asean_bn_gsr_fcty_cd_net_primary_income_bop_current_us,explicit,vi,bar,"So sánh chỉ số net primary income (bop, current us$) ở các quốc gia, biến thể 16.",Exclude from main validation evidence due unstable judge behavior.
stress230_229,vinl2vis_22962,cross_or_weak_judge_disagreement,judge_disagreement,vlm_consensus_failure_cases.csv,heldout8b_final,wrong_fields,wbexp_asean_bm_gsr_royl_cd_charges_for_the_use_of_intellectual_property_payments_b,explicit,vi,bar,"So sánh chỉ số charges for the use of intellectual property, payments (bop, current us$) ở các quốc gia, biến thể 21.",Exclude from main validation evidence due unstable judge behavior.
stress230_230,vinl2vis_23002,cross_or_weak_judge_disagreement,judge_disagreement,vlm_consensus_failure_cases.csv,heldout8b_final,wrong_fields,wbexp_asean_bm_gsr_totl_cd_imports_of_goods_services_and_primary_income_bop_curren,explicit,vi,bar,"So sánh chỉ số imports of goods, services and primary income (bop, current us$) ở các quốc gia, biến thể 21.",Exclude from main validation evidence due unstable judge behavior.
