case_id,sample_id,image_file,source_bucket,query_type,language,expected_chart_family,query,human_visible_chart_family,human_chart_family_acceptable,human_labels_readable,human_relevant_fields_visible,human_transform_preserved,human_overall_acceptable,human_primary_error,human_confidence,human_notes
calib_001,vinl2vis_30351,calib_001__vinl2vis_30351.png,vlm_consensus_accepted,multi_turn,vi,bar,"Hãy so sánh các nước.
Dùng năm mới nhất.",bar,yes,yes,yes,not_applicable,yes,none,high,The chart effectively compares the specified countries using the latest year.
calib_002,vinl2vis_29110,calib_002__vinl2vis_29110.png,vlm_consensus_accepted,multi_turn,vi,line,"Tôi muốn xem xu hướng.
Dùng dữ liệu này và tách theo quốc gia.",line,yes,yes,yes,not_applicable,yes,none,high,The chart effectively shows trends by country over time.
calib_003,vinl2vis_05436,calib_003__vinl2vis_05436.png,vlm_consensus_accepted,ambiguous,vi,line,Tạo biểu đồ phù hợp cho chỉ số livestock production index (2014-2016 = 100) mẫu 15.,line,yes,yes,yes,not_applicable,yes,none,high,The chart effectively represents the livestock production index over time.
calib_004,vinl2vis_29510,calib_004__vinl2vis_29510.png,vlm_consensus_accepted,multi_turn,vi,line,"Tôi muốn xem xu hướng.
Dùng dữ liệu này và tách theo quốc gia.",line,yes,yes,yes,not_applicable,yes,none,high,The chart effectively shows trends by country over time.
calib_005,vinl2vis_23602,calib_005__vinl2vis_23602.png,vlm_consensus_accepted,explicit,vi,bar,"So sánh chỉ số portfolio investment, net (bop, current us$) ở các quốc gia, biến thể 21.",boxplot,no,no,yes,not_applicable,no,wrong_chart_type,high,The chart type does not match the expected bar chart.
calib_006,vinl2vis_25082,calib_006__vinl2vis_25082.png,vlm_consensus_accepted,explicit,vi,bar,"So sánh chỉ số net bilateral aid flows from dac donors, switzerland (current us$) ở các quốc gia, biến thể 21.",bar,yes,yes,yes,not_applicable,yes,none,high,The chart effectively compares net bilateral aid flows from DAC donors for the specified countries.
calib_007,vinl2vis_26311,calib_007__vinl2vis_26311.png,vlm_consensus_accepted,multi_turn,vi,bar,"Hãy so sánh các nước.
Dùng năm mới nhất.",bar,yes,yes,yes,not_applicable,yes,none,high,The chart effectively compares the countries using the latest year data.
calib_008,vinl2vis_30310,calib_008__vinl2vis_30310.png,vlm_consensus_accepted,multi_turn,vi,line,"Tôi muốn xem xu hướng.
Dùng dữ liệu này và tách theo quốc gia.",line,yes,yes,yes,not_applicable,yes,none,high,The chart effectively shows trends by country over time.
calib_009,vinl2vis_28750,calib_009__vinl2vis_28750.png,vlm_consensus_accepted,multi_turn,vi,line,"Tôi muốn xem xu hướng.
Dùng dữ liệu này và tách theo quốc gia.",line,yes,yes,yes,not_applicable,yes,none,high,The chart effectively shows trends over time by country.
calib_010,vinl2vis_28871,calib_010__vinl2vis_28871.png,vlm_consensus_accepted,multi_turn,vi,bar,"Hãy so sánh các nước.
Dùng năm mới nhất.",bar,yes,yes,yes,not_applicable,yes,none,high,The chart effectively compares countries using the latest year data.
calib_011,vinl2vis_05196,calib_011__vinl2vis_05196.png,vlm_consensus_accepted,ambiguous,vi,line,Tạo biểu đồ phù hợp cho chỉ số forest area (% of land area) mẫu 15.,line,yes,yes,yes,not_applicable,yes,none,high,The chart effectively represents forest area percentages over time for multiple countries.
calib_012,vinl2vis_23557,calib_012__vinl2vis_23557.png,vlm_consensus_accepted,explicit,vi,bar,"So sánh chỉ số foreign direct investment, net (bop, current us$) ở các quốc gia, biến thể 16.",bar,yes,yes,yes,not_applicable,yes,none,high,The chart effectively compares foreign direct investment across countries.
calib_013,vinl2vis_05396,calib_013__vinl2vis_05396.png,vlm_consensus_accepted,ambiguous,vi,line,Tạo biểu đồ phù hợp cho chỉ số food production index (2014-2016 = 100) mẫu 15.,line,yes,yes,yes,not_applicable,yes,none,high,The chart effectively represents the food production index over time.
calib_014,vinl2vis_29596,calib_014__vinl2vis_29596.png,vlm_consensus_accepted,ambiguous,vi,line,"Tạo biểu đồ phù hợp cho chỉ số external debt stocks, total (dod, current us$) mẫu 15.",line,yes,yes,yes,not_applicable,yes,none,high,The chart effectively represents external debt stocks over time.
calib_015,vinl2vis_27110,calib_015__vinl2vis_27110.png,vlm_consensus_accepted,multi_turn,vi,line,"Tôi muốn xem xu hướng.
Dùng dữ liệu này và tách theo quốc gia.",line,yes,yes,yes,not_applicable,yes,none,high,The chart effectively shows trends over time by country.
calib_016,vinl2vis_24482,calib_016__vinl2vis_24482.png,vlm_consensus_accepted,explicit,vi,bar,"So sánh chỉ số personal transfers, receipts (bop, current us$) ở các quốc gia, biến thể 21.",bar,yes,yes,yes,not_applicable,yes,none,high,The chart effectively compares personal transfers across countries.
calib_017,vinl2vis_26951,calib_017__vinl2vis_26951.png,vlm_consensus_accepted,multi_turn,vi,bar,"Hãy so sánh các nước.
Dùng năm mới nhất.",bar,yes,yes,yes,not_applicable,yes,none,high,The chart effectively compares the specified countries using the latest year.
calib_018,vinl2vis_26711,calib_018__vinl2vis_26711.png,vlm_consensus_accepted,multi_turn,vi,bar,"Hãy so sánh các nước.
Dùng năm mới nhất.",bar,yes,yes,yes,not_applicable,yes,none,high,The chart effectively compares the countries as requested.
calib_019,vinl2vis_24117,calib_019__vinl2vis_24117.png,vlm_consensus_accepted,explicit,vi,bar,"So sánh chỉ số service exports (bop, current us$) ở các quốc gia, biến thể 16.",bar,yes,yes,yes,not_applicable,yes,none,high,The chart effectively compares service exports across countries.
calib_020,vinl2vis_05317,calib_020__vinl2vis_05317.png,vlm_consensus_accepted,explicit,vi,bar,"So sánh chỉ số cereal production (metric tons) ở các quốc gia, biến thể 16.",bar,yes,yes,yes,not_applicable,yes,none,high,The chart effectively compares cereal production across countries.
calib_021,vinl2vis_27191,calib_021__vinl2vis_27191.png,vlm_consensus_accepted,multi_turn,vi,bar,"Hãy so sánh các nước.
Dùng năm mới nhất.",bar,yes,yes,yes,not_applicable,yes,none,high,The chart effectively compares the specified countries using the latest year.
calib_022,vinl2vis_32864,calib_022__vinl2vis_32864.png,vlm_consensus_accepted,underspecified,vi,bar,Xếp hạng các nước theo chỉ số level of water stress: freshwater withdrawal as a proportion of available freshwater resources.,histogram,no,no,yes,not_applicable,no,wrong_chart_type,medium,The chart type is a histogram instead of the expected bar chart.
calib_023,vinl2vis_29511,calib_023__vinl2vis_29511.png,vlm_consensus_accepted,multi_turn,vi,bar,"Hãy so sánh các nước.
Dùng năm mới nhất.",bar,yes,yes,yes,not_applicable,yes,none,high,The chart effectively compares countries using the latest year data.
calib_024,vinl2vis_32784,calib_024__vinl2vis_32784.png,vlm_consensus_accepted,underspecified,vi,bar,"Xếp hạng các nước theo chỉ số annual freshwater withdrawals, domestic (% of total freshwater withdrawal).",histogram,no,no,yes,not_applicable,no,wrong_chart_type,high,The chart is a histogram instead of the expected bar chart.
calib_025,vinl2vis_28791,calib_025__vinl2vis_28791.png,vlm_consensus_accepted,multi_turn,vi,bar,"Hãy so sánh các nước.
Dùng năm mới nhất.",bar,yes,yes,yes,not_applicable,yes,none,high,The chart effectively compares the specified countries using the latest year.
calib_026,vinl2vis_05116,calib_026__vinl2vis_05116.png,vlm_consensus_accepted,ambiguous,vi,line,Tạo biểu đồ phù hợp cho chỉ số tree cover loss (hectares) mẫu 15.,line,yes,yes,yes,not_applicable,yes,none,high,The chart effectively represents tree cover loss over the years.
calib_027,vinl2vis_29070,calib_027__vinl2vis_29070.png,vlm_consensus_accepted,multi_turn,vi,line,"Tôi muốn xem xu hướng.
Dùng dữ liệu này và tách theo quốc gia.",line,yes,yes,yes,not_applicable,yes,none,high,The chart effectively shows trends by country over time.
calib_028,vinl2vis_30664,calib_028__vinl2vis_30664.png,vlm_consensus_accepted,underspecified,vi,bar,Xếp hạng các nước theo chỉ số carbon dioxide (co2) emissions from fugitive emissions (energy) (mt co2e).,bar,yes,yes,yes,not_applicable,yes,none,high,The chart effectively ranks countries by CO2 emissions from fugitive emissions.
calib_029,vinl2vis_31664,calib_029__vinl2vis_31664.png,vlm_consensus_accepted,underspecified,vi,bar,Xếp hạng các nước theo chỉ số nitrous oxide (n2o) emissions from waste (mt co2e).,bar,yes,yes,yes,not_applicable,yes,none,high,The chart effectively ranks countries by N2O emissions.
calib_030,vinl2vis_32584,calib_030__vinl2vis_32584.png,vlm_consensus_accepted,underspecified,vi,bar,Xếp hạng các nước theo chỉ số aquaculture production (metric tons).,bar,yes,yes,yes,not_applicable,yes,none,high,The chart effectively ranks countries by aquaculture production.
calib_031,vinl2vis_25922,calib_031__vinl2vis_25922.png,vlm_consensus_accepted,explicit,vi,bar,"So sánh chỉ số external debt stocks (% of gni) ở các quốc gia, biến thể 21.",bar,yes,yes,yes,not_applicable,yes,none,high,The chart effectively compares external debt stocks across countries.
calib_032,vinl2vis_05201,calib_032__vinl2vis_05201.png,vlm_consensus_accepted,ambiguous,vi,line,Tạo biểu đồ phù hợp cho chỉ số forest area (% of land area) mẫu 20.,line,yes,yes,yes,not_applicable,yes,none,high,The chart effectively represents the forest area percentage over time.
calib_033,vinl2vis_26910,calib_033__vinl2vis_26910.png,vlm_consensus_accepted,multi_turn,vi,line,"Tôi muốn xem xu hướng.
Dùng dữ liệu này và tách theo quốc gia.",line,yes,yes,yes,not_applicable,yes,none,high,The chart effectively shows trends over time for different countries.
calib_034,vinl2vis_30464,calib_034__vinl2vis_30464.png,vlm_consensus_accepted,underspecified,vi,bar,Xếp hạng các nước theo chỉ số methane (ch4) emissions from transport (energy) (mt co2e).,bar,yes,no,yes,not_applicable,no,unreadable,medium,"Axis labels are unreadable, affecting overall usability."
calib_035,vinl2vis_31984,calib_035__vinl2vis_31984.png,vlm_consensus_accepted,underspecified,vi,bar,Xếp hạng các nước theo chỉ số population in urban agglomerations of more than 1 million.,bar,yes,no,yes,not_applicable,no,unreadable,medium,"Axis labels are unreadable, affecting overall usability."
calib_036,vinl2vis_25201,calib_036__vinl2vis_25201.png,vlm_consensus_accepted,ambiguous,vi,line,"Tạo biểu đồ phù hợp cho chỉ số net bilateral aid flows from dac donors, denmark (current us$) mẫu 20.",line,yes,no,yes,not_applicable,no,missing_labels,medium,"The chart type is correct, but the labels are unreadable."
calib_037,vinl2vis_33584,calib_037__vinl2vis_33584.png,vlm_consensus_accepted,underspecified,vi,bar,Xếp hạng các nước theo chỉ số total reserves in months of imports.,bar,yes,yes,yes,not_applicable,yes,none,high,The chart effectively ranks countries by total reserves in months of imports.
calib_038,vinl2vis_05197,calib_038__vinl2vis_05197.png,vlm_consensus_accepted,explicit,vi,bar,"So sánh chỉ số forest area (% of land area) ở các quốc gia, biến thể 16.",bar,yes,yes,yes,not_applicable,yes,none,high,The chart effectively compares forest area percentages across countries.
calib_039,vinl2vis_23436,calib_039__vinl2vis_23436.png,vlm_consensus_accepted,ambiguous,vi,line,"Tạo biểu đồ phù hợp cho chỉ số net trade in goods and services (bop, current us$) mẫu 15.",line,yes,yes,yes,not_applicable,yes,none,high,The chart effectively represents net trade in goods and services over time.
calib_040,vinl2vis_25237,calib_040__vinl2vis_25237.png,vlm_consensus_accepted,explicit,vi,bar,"So sánh chỉ số net bilateral aid flows from dac donors, spain (current us$) ở các quốc gia, biến thể 16.",bar,yes,yes,yes,not_applicable,yes,none,high,The chart effectively compares net bilateral aid flows from DAC donors for the specified countries.
calib_041,vinl2vis_29991,calib_041__vinl2vis_29991.png,vlm_consensus_accepted,multi_turn,vi,bar,"Hãy so sánh các nước.
Dùng năm mới nhất.",bar,yes,yes,yes,not_applicable,yes,none,high,The chart effectively compares countries using the latest year data.
calib_042,vinl2vis_22757,calib_042__vinl2vis_22757.png,vlm_consensus_accepted,explicit,vi,bar,"So sánh chỉ số primary income payments (bop, current us$) ở các quốc gia, biến thể 16.",bar,yes,yes,yes,not_applicable,yes,none,high,The chart effectively compares primary income payments across countries.
calib_043,vinl2vis_23396,calib_043__vinl2vis_23396.png,vlm_consensus_accepted,ambiguous,vi,line,"Tạo biểu đồ phù hợp cho chỉ số net primary income (bop, current us$) mẫu 15.",line,yes,yes,yes,not_applicable,yes,none,high,The chart effectively represents net primary income over time for multiple countries.
calib_044,vinl2vis_28150,calib_044__vinl2vis_28150.png,vlm_consensus_accepted,multi_turn,vi,line,"Tôi muốn xem xu hướng.
Dùng dữ liệu này và tách theo quốc gia.",line,yes,yes,yes,not_applicable,yes,none,high,The chart effectively shows trends over time by country.
calib_045,vinl2vis_33544,calib_045__vinl2vis_33544.png,vlm_consensus_accepted,underspecified,vi,bar,Xếp hạng các nước theo chỉ số total reserves (% of total external debt).,bar,yes,yes,yes,not_applicable,yes,none,high,The chart effectively ranks countries by total reserves as requested.
calib_046,vinl2vis_28190,calib_046__vinl2vis_28190.png,vlm_consensus_accepted,multi_turn,vi,line,"Tôi muốn xem xu hướng.
Dùng dữ liệu này và tách theo quốc gia.",line,yes,yes,yes,not_applicable,yes,none,high,The chart effectively shows trends over time by country.
calib_047,vinl2vis_28710,calib_047__vinl2vis_28710.png,vlm_consensus_accepted,multi_turn,vi,line,"Tôi muốn xem xu hướng.
Dùng dữ liệu này và tách theo quốc gia.",line,yes,yes,yes,not_applicable,yes,none,high,The chart effectively shows trends by country.
calib_048,vinl2vis_04757,calib_048__vinl2vis_04757.png,vlm_consensus_accepted,explicit,vi,bar,"So sánh chỉ số fertilizer consumption (% of fertilizer production) ở các quốc gia, biến thể 16.",bar,yes,yes,yes,not_applicable,yes,none,high,The chart effectively compares fertilizer consumption across countries.
calib_049,vinl2vis_27790,calib_049__vinl2vis_27790.png,vlm_consensus_accepted,multi_turn,vi,line,"Tôi muốn xem xu hướng.
Dùng dữ liệu này và tách theo quốc gia.",line,yes,no,yes,not_applicable,no,missing_labels,medium,"The chart type is correct, but the labels are unreadable."
calib_050,vinl2vis_33024,calib_050__vinl2vis_33024.png,vlm_consensus_accepted,underspecified,vi,bar,Xếp hạng các nước theo chỉ số renewable internal freshwater resources per capita (cubic meters).,bar,yes,yes,yes,not_applicable,yes,none,high,The chart effectively ranks countries by the specified freshwater resources per capita.
calib_051,vinl2vis_32944,calib_051__vinl2vis_32944.png,vlm_consensus_accepted,underspecified,vi,bar,"Xếp hạng các nước theo chỉ số annual freshwater withdrawals, total (% of internal resources).",histogram,no,no,yes,not_applicable,no,wrong_chart_type,high,The chart is a histogram instead of a bar chart.
calib_052,vinl2vis_05117,calib_052__vinl2vis_05117.png,vlm_consensus_accepted,explicit,vi,bar,"So sánh chỉ số tree cover loss (hectares) ở các quốc gia, biến thể 16.",bar,yes,yes,yes,not_applicable,yes,none,high,The chart effectively compares tree cover loss across countries.
calib_053,vinl2vis_22997,calib_053__vinl2vis_22997.png,vlm_consensus_accepted,explicit,vi,bar,"So sánh chỉ số imports of goods, services and primary income (bop, current us$) ở các quốc gia, biến thể 16.",bar,yes,yes,yes,not_applicable,yes,none,high,The chart effectively compares imports across countries as requested.
calib_054,vinl2vis_23676,calib_054__vinl2vis_23676.png,vlm_consensus_accepted,ambiguous,vi,line,"Tạo biểu đồ phù hợp cho chỉ số net secondary income (bop, current us$) mẫu 15.",line,yes,yes,yes,not_applicable,yes,none,high,The chart effectively represents net secondary income over time.
calib_055,vinl2vis_23962,calib_055__vinl2vis_23962.png,vlm_consensus_accepted,explicit,vi,bar,"So sánh chỉ số primary income receipts (bop, current us$) ở các quốc gia, biến thể 21.",bar,yes,no,yes,not_applicable,no,unreadable,medium,"The chart has unreadable labels, affecting overall usability."
calib_056,vinl2vis_04762,calib_056__vinl2vis_04762.png,vlm_consensus_accepted,explicit,vi,bar,"So sánh chỉ số fertilizer consumption (% of fertilizer production) ở các quốc gia, biến thể 21.",bar,yes,yes,yes,not_applicable,yes,none,high,The chart effectively compares fertilizer consumption across countries.
calib_057,vinl2vis_30231,calib_057__vinl2vis_30231.png,vlm_consensus_accepted,multi_turn,vi,bar,"Hãy so sánh các nước.
Dùng năm mới nhất.",bar,yes,yes,yes,not_applicable,yes,none,high,The chart effectively compares countries using the latest year data.
calib_058,vinl2vis_30584,calib_058__vinl2vis_30584.png,vlm_consensus_accepted,underspecified,vi,bar,Xếp hạng các nước theo chỉ số carbon dioxide (co2) emissions from agriculture (mt co2e).,bar,yes,yes,yes,not_applicable,yes,none,high,The chart effectively ranks countries by CO2 emissions from agriculture.
calib_059,vinl2vis_26870,calib_059__vinl2vis_26870.png,vlm_consensus_accepted,multi_turn,vi,line,"Tôi muốn xem xu hướng.
Dùng dữ liệu này và tách theo quốc gia.",line,yes,yes,yes,not_applicable,yes,none,high,The chart effectively shows trends by country over time.
calib_060,vinl2vis_24676,calib_060__vinl2vis_24676.png,vlm_consensus_accepted,ambiguous,vi,line,Tạo biểu đồ phù hợp cho chỉ số market capitalization of listed domestic companies (% of gdp) mẫu 15.,line,yes,yes,yes,not_applicable,yes,none,high,The chart effectively represents the market capitalization of listed domestic companies as a percentage of GDP.
calib_061,vinl2vis_24476,calib_061__vinl2vis_24476.png,vlm_consensus_accepted,ambiguous,vi,line,"Tạo biểu đồ phù hợp cho chỉ số personal transfers, receipts (bop, current us$) mẫu 15.",line,yes,yes,yes,not_applicable,yes,none,high,The chart effectively represents personal transfers over time for multiple countries.
calib_062,vinl2vis_25161,calib_062__vinl2vis_25161.png,vlm_consensus_accepted,ambiguous,vi,line,"Tạo biểu đồ phù hợp cho chỉ số net bilateral aid flows from dac donors, germany (current us$) mẫu 20.",line,yes,no,no,not_applicable,no,missing_labels,medium,The chart lacks readable labels and relevant data.
calib_063,vinl2vis_23042,calib_063__vinl2vis_23042.png,vlm_consensus_accepted,explicit,vi,bar,"So sánh chỉ số transport services (% of service imports, bop) ở các quốc gia, biến thể 21.",bar,yes,no,yes,not_applicable,no,unreadable,medium,"The axis labels are unreadable, affecting overall usability."
calib_064,vinl2vis_28591,calib_064__vinl2vis_28591.png,vlm_consensus_accepted,multi_turn,vi,bar,"Hãy so sánh các nước.
Dùng năm mới nhất.",bar,yes,yes,yes,not_applicable,yes,none,high,The chart effectively compares countries using the latest year data.
calib_065,vinl2vis_04801,calib_065__vinl2vis_04801.png,vlm_consensus_accepted,ambiguous,vi,line,Tạo biểu đồ phù hợp cho chỉ số fertilizer consumption (kilograms per hectare of arable land) mẫu 20.,line,no,no,no,not_applicable,no,empty_or_broken,high,The chart is empty and does not display any data.
calib_066,vinl2vis_22961,calib_066__vinl2vis_22961.png,vlm_consensus_accepted,ambiguous,vi,line,"Tạo biểu đồ phù hợp cho chỉ số charges for the use of intellectual property, payments (bop, current us$) mẫu 20.",line,yes,yes,yes,not_applicable,yes,none,high,The chart effectively represents the requested data.
calib_067,vinl2vis_32744,calib_067__vinl2vis_32744.png,vlm_consensus_accepted,underspecified,vi,bar,"Xếp hạng các nước theo chỉ số annual freshwater withdrawals, agriculture (% of total freshwater withdrawal).",bar,yes,yes,yes,not_applicable,yes,none,high,The chart effectively ranks countries by annual freshwater withdrawals for agriculture.
calib_068,vinl2vis_05521,calib_068__vinl2vis_05521.png,vlm_consensus_accepted,ambiguous,vi,line,Tạo biểu đồ phù hợp cho chỉ số cereal yield (kg per hectare) mẫu 20.,line,no,yes,no,not_applicable,no,missing_labels,high,"The chart lacks data points, making it unusable."
calib_069,vinl2vis_28271,calib_069__vinl2vis_28271.png,vlm_consensus_accepted,multi_turn,vi,bar,"Hãy so sánh các nước.
Dùng năm mới nhất.",bar,yes,yes,yes,not_applicable,yes,none,high,The chart effectively compares the values of different countries.
calib_070,vinl2vis_31824,calib_070__vinl2vis_31824.png,vlm_consensus_accepted,underspecified,vi,bar,Xếp hạng các nước theo chỉ số population density (people per sq. km of land area).,bar,yes,yes,yes,not_applicable,yes,none,high,The chart effectively ranks countries by population density.
calib_071,vinl2vis_27390,calib_071__vinl2vis_27390.png,vlm_consensus_accepted,multi_turn,vi,line,"Tôi muốn xem xu hướng.
Dùng dữ liệu này và tách theo quốc gia.",line,yes,yes,yes,not_applicable,yes,none,high,The chart effectively shows trends by country over time.
calib_072,vinl2vis_27150,calib_072__vinl2vis_27150.png,vlm_consensus_accepted,multi_turn,vi,line,"Tôi muốn xem xu hướng.
Dùng dữ liệu này và tách theo quốc gia.",line,yes,yes,yes,not_applicable,yes,none,high,The chart effectively shows trends over time for different countries.
calib_073,vinl2vis_31144,calib_073__vinl2vis_31144.png,vlm_consensus_accepted,underspecified,vi,bar,Xếp hạng các nước theo chỉ số carbon intensity of gdp (kg co2e per 2021 ppp $ of gdp).,bar,yes,yes,yes,not_applicable,yes,none,high,The chart effectively ranks countries by carbon intensity of GDP.
calib_074,vinl2vis_05322,calib_074__vinl2vis_05322.png,vlm_consensus_accepted,explicit,vi,bar,"So sánh chỉ số cereal production (metric tons) ở các quốc gia, biến thể 21.",bar,yes,yes,yes,not_applicable,yes,none,high,The chart effectively compares cereal production across countries.
calib_075,vinl2vis_04922,calib_075__vinl2vis_04922.png,vlm_consensus_accepted,explicit,vi,bar,"So sánh chỉ số arable land (hectares) ở các quốc gia, biến thể 21.",bar,yes,yes,yes,not_applicable,yes,none,high,The chart effectively compares arable land across countries.
calib_076,vinl2vis_27471,calib_076__vinl2vis_27471.png,vlm_consensus_accepted,multi_turn,vi,bar,"Hãy so sánh các nước.
Dùng năm mới nhất.",bar,yes,yes,yes,not_applicable,yes,none,high,The chart effectively compares the specified countries using the latest year.
calib_077,vinl2vis_22676,calib_077__vinl2vis_22676.png,vlm_consensus_accepted,ambiguous,vi,line,Tạo biểu đồ phù hợp cho chỉ số wage bill as a percentage of public expenditure mẫu 15.,line,yes,yes,yes,not_applicable,yes,none,high,The chart effectively represents the wage bill as a percentage of public expenditure over time.
calib_078,vinl2vis_25481,calib_078__vinl2vis_25481.png,vlm_consensus_accepted,ambiguous,vi,line,"Tạo biểu đồ phù hợp cho chỉ số net bilateral aid flows from dac donors, italy (current us$) mẫu 20.",line,yes,no,no,not_applicable,no,missing_labels,medium,The chart lacks readable labels and relevant data.
calib_079,vinl2vis_22956,calib_079__vinl2vis_22956.png,vlm_consensus_accepted,ambiguous,vi,line,"Tạo biểu đồ phù hợp cho chỉ số charges for the use of intellectual property, payments (bop, current us$) mẫu 15.",line,yes,yes,yes,not_applicable,yes,none,high,The chart effectively represents the requested data.
calib_080,vinl2vis_24642,calib_080__vinl2vis_24642.png,vlm_consensus_accepted,explicit,vi,bar,"So sánh chỉ số market capitalization of listed domestic companies (current us$) ở các quốc gia, biến thể 21.",bar,yes,yes,yes,not_applicable,yes,none,high,The chart effectively compares market capitalization across countries.
calib_081,vinl2vis_27344,calib_081__vinl2vis_27344.png,primary_vlm_flagged,underspecified,vi,bar,"Xếp hạng các nước theo chỉ số net official flows from un agencies, undp (current us$).",bar,yes,no,no,not_applicable,no,missing_labels,medium,The chart lacks readable labels and relevant data visibility.
calib_082,vinl2vis_02656,calib_082__vinl2vis_02656.png,primary_vlm_flagged,explicit,en,tick_plot,Create a tick plot for asean pm2.5 air pollution exposure in 2020.,tick_plot,yes,yes,yes,not_applicable,yes,none,high,The chart accurately represents the requested tick plot for PM2.5 exposure.
calib_083,vinl2vis_03712,calib_083__vinl2vis_03712.png,primary_vlm_flagged,explicit,vi,bar,So sánh phát thải co2 bình quân đầu người của việt nam giữa các nước trong năm 2024.,bar,yes,no,yes,not_applicable,no,unreadable,medium,"The chart's labels are unreadable, affecting overall usability."
calib_084,vinl2vis_04056,calib_084__vinl2vis_04056.png,primary_vlm_flagged,explicit,en,tick_plot,Create a tick plot for Tuổi thọ kỳ vọng in 2023.,tick_plot,yes,yes,yes,not_applicable,yes,none,high,The chart meets the requirements for a tick plot.
calib_085,vinl2vis_04144,calib_085__vinl2vis_04144.png,primary_vlm_flagged,explicit,en,heatmap,Create a heatmap of Tỷ lệ thất nghiệp by country and year.,unknown,no,yes,no,not_applicable,no,wrong_chart_type,high,The chart is not a heatmap as requested.
calib_086,vinl2vis_00766,calib_086__vinl2vis_00766.png,primary_vlm_flagged,explicit,en,tick_plot,Create a tick plot for asean exports share of gdp in 2024.,tick_plot,yes,yes,yes,not_applicable,yes,none,high,The chart meets the requirements of the query.
calib_087,vinl2vis_24504,calib_087__vinl2vis_24504.png,primary_vlm_flagged,underspecified,vi,bar,"Xếp hạng các nước theo chỉ số personal remittances, received (current us$).",bar,yes,no,yes,not_applicable,no,unreadable,medium,"The chart has unreadable labels, affecting its usability."
calib_088,vinl2vis_22704,calib_088__vinl2vis_22704.png,primary_vlm_flagged,underspecified,vi,bar,"Xếp hạng các nước theo chỉ số communications, computer, etc. (% of service imports, bop).",bar,no,yes,no,not_applicable,no,empty_or_broken,high,The chart does not display any relevant data for the countries.
calib_089,vinl2vis_01764,calib_089__vinl2vis_01764.png,primary_vlm_flagged,explicit,en,bar,Rank countries by asean education expenditure share of gdp in the latest year.,bar,yes,no,no,not_applicable,no,missing_labels,medium,The chart lacks readable labels and relevant data.
calib_090,vinl2vis_01762,calib_090__vinl2vis_01762.png,primary_vlm_flagged,explicit,en,bar,Compare countries by asean education expenditure share of gdp in 2025.,bar,yes,no,yes,not_applicable,no,unreadable,medium,The chart is unreadable due to the lack of visible data points.
calib_091,vinl2vis_23904,calib_091__vinl2vis_23904.png,primary_vlm_flagged,underspecified,vi,bar,"Xếp hạng các nước theo chỉ số communications, computer, etc. (% of service exports, bop).",bar,no,yes,no,not_applicable,no,wrong_fields,high,"The chart only displays data for one country, making it unfit for ranking."
calib_092,vinl2vis_22824,calib_092__vinl2vis_22824.png,primary_vlm_flagged,underspecified,vi,bar,"Xếp hạng các nước theo chỉ số insurance and financial services (% of service imports, bop).",bar,no,yes,no,not_applicable,no,unclear,high,The chart does not display any relevant data for the countries.
calib_093,vinl2vis_01466,calib_093__vinl2vis_01466.png,primary_vlm_flagged,explicit,en,tick_plot,Create a tick plot for asean health expenditure share of gdp in 2023.,tick_plot,yes,yes,yes,not_applicable,yes,none,high,The chart accurately represents the requested data in a tick plot format.
calib_094,vinl2vis_23944,calib_094__vinl2vis_23944.png,primary_vlm_flagged,underspecified,vi,bar,"Xếp hạng các nước theo chỉ số primary income receipts (bop, current us$).",bar,no,yes,no,not_applicable,no,unclear,high,"The chart does not display multiple countries, making it unusable for ranking."
calib_095,vinl2vis_23104,calib_095__vinl2vis_23104.png,primary_vlm_flagged,underspecified,vi,bar,"Xếp hạng các nước theo chỉ số foreign direct investment, net outflows (bop, current us$).",bar,yes,no,no,not_applicable,no,missing_labels,medium,The chart lacks readable labels and relevant data visibility.
calib_096,vinl2vis_03076,calib_096__vinl2vis_03076.png,primary_vlm_flagged,explicit,en,tick_plot,Create a tick plot for asean measles immunization in 2024.,tick_plot,yes,yes,yes,not_applicable,yes,none,high,The chart accurately represents the requested tick plot for measles immunization rates.
calib_097,vinl2vis_24104,calib_097__vinl2vis_24104.png,primary_vlm_flagged,underspecified,vi,bar,"Xếp hạng các nước theo chỉ số service exports (bop, current us$).",bar,yes,no,no,not_applicable,no,missing_labels,medium,The chart lacks readable labels and relevant data visibility.
calib_098,vinl2vis_03426,calib_098__vinl2vis_03426.png,primary_vlm_flagged,explicit,en,tick_plot,Create a tick plot for asean domestic credit to private sector in 2024.,tick_plot,yes,yes,yes,not_applicable,yes,none,high,The chart meets the requirements of the query.
calib_099,vinl2vis_03644,calib_099__vinl2vis_03644.png,primary_vlm_flagged,explicit,vi,bar,Xếp hạng các nước theo tuổi thọ kỳ vọng của việt nam trong năm 2023.,bar,no,no,no,not_applicable,no,unreadable,high,The chart is unreadable and does not provide relevant information.
calib_100,vinl2vis_05144,calib_100__vinl2vis_05144.png,primary_vlm_flagged,underspecified,vi,bar,Xếp hạng các nước theo chỉ số forest area (sq. km).,bar,yes,yes,yes,not_applicable,yes,none,high,The chart effectively ranks countries by forest area.
calib_101,vinl2vis_03216,calib_101__vinl2vis_03216.png,primary_vlm_flagged,explicit,en,tick_plot,Create a tick plot for asean fixed broadband subscriptions in 2024.,tick_plot,yes,yes,yes,not_applicable,yes,none,high,The chart correctly represents the requested tick plot with readable labels.
calib_102,vinl2vis_29064,calib_102__vinl2vis_29064.png,primary_vlm_flagged,underspecified,vi,bar,"Xếp hạng các nước theo chỉ số electricity production from renewable sources, excluding hydroelectric (kwh).",bar,yes,no,yes,not_applicable,no,missing_labels,medium,"The chart lacks readable labels, making it difficult to interpret."
calib_103,vinl2vis_03006,calib_103__vinl2vis_03006.png,primary_vlm_flagged,explicit,en,tick_plot,Create a tick plot for asean basic sanitation services in 2024.,tick_plot,yes,yes,yes,not_applicable,yes,none,high,The chart meets the requirements of the query.
calib_104,vinl2vis_03724,calib_104__vinl2vis_03724.png,primary_vlm_flagged,explicit,en,bar,Rank countries by vietnam co2 emissions per capita in the latest year.,bar,no,yes,no,not_applicable,no,wrong_fields,high,The chart does not rank multiple countries as requested.
calib_105,vinl2vis_28384,calib_105__vinl2vis_28384.png,primary_vlm_flagged,underspecified,vi,bar,"Xếp hạng các nước theo chỉ số economic fitness ranking (1 = high, 149 = low).",bar,no,no,no,not_applicable,no,unreadable,high,The chart is unreadable and does not effectively convey the ranking.
calib_106,vinl2vis_03986,calib_106__vinl2vis_03986.png,primary_vlm_flagged,explicit,en,tick_plot,Create a tick plot for Dân số in 2024.,tick_plot,yes,yes,yes,not_applicable,yes,none,high,The chart effectively represents the population data for 2024 as requested.
calib_107,vinl2vis_03146,calib_107__vinl2vis_03146.png,primary_vlm_flagged,explicit,en,tick_plot,Create a tick plot for asean hospital beds in 2023.,tick_plot,yes,yes,yes,not_applicable,yes,none,high,The chart accurately represents the requested tick plot for hospital beds.
calib_108,vinl2vis_27264,calib_108__vinl2vis_27264.png,primary_vlm_flagged,underspecified,vi,bar,"Xếp hạng các nước theo chỉ số net official flows from un agencies, unicef (current us$).",bar,no,yes,no,not_applicable,no,wrong_fields,high,The chart does not display rankings for multiple countries.
calib_109,vinl2vis_02586,calib_109__vinl2vis_02586.png,primary_vlm_flagged,explicit,en,tick_plot,Create a tick plot for asean freshwater withdrawal share in 2022.,tick_plot,yes,yes,yes,not_applicable,yes,none,high,The chart accurately represents the requested tick plot for freshwater withdrawal share.
calib_110,vinl2vis_02936,calib_110__vinl2vis_02936.png,primary_vlm_flagged,explicit,en,tick_plot,Create a tick plot for asean basic drinking water services in 2024.,tick_plot,yes,yes,yes,not_applicable,yes,none,high,The chart accurately represents the requested tick plot.
calib_111,vinl2vis_23544,calib_111__vinl2vis_23544.png,primary_vlm_flagged,underspecified,vi,bar,"Xếp hạng các nước theo chỉ số foreign direct investment, net (bop, current us$).",bar,yes,no,yes,not_applicable,no,unreadable,medium,The chart is unreadable due to axis label issues.
calib_112,vinl2vis_00626,calib_112__vinl2vis_00626.png,primary_vlm_flagged,explicit,en,tick_plot,Create a tick plot for asean gdp growth in 2024.,tick_plot,yes,yes,yes,not_applicable,yes,none,high,The chart accurately represents the requested tick plot for ASEAN GDP growth in 2024.
calib_113,vinl2vis_02866,calib_113__vinl2vis_02866.png,primary_vlm_flagged,explicit,en,tick_plot,Create a tick plot for asean container port traffic in 2022.,tick_plot,yes,yes,yes,not_applicable,yes,none,high,The chart accurately represents the requested tick plot for ASEAN container port traffic in 2022.
calib_114,vinl2vis_01834,calib_114__vinl2vis_01834.png,primary_vlm_flagged,explicit,en,bar,Rank countries by asean adult literacy rate in the latest year.,bar,no,no,no,not_applicable,no,missing_labels,high,The chart lacks readable labels and relevant data.
calib_115,vinl2vis_03652,calib_115__vinl2vis_03652.png,primary_vlm_flagged,explicit,en,bar,Compare countries by vietnam life expectancy in 2023.,bar,no,yes,no,not_applicable,no,wrong_fields,high,The chart only displays Vietnam's life expectancy without comparisons to other countries.
calib_116,vinl2vis_28064,calib_116__vinl2vis_28064.png,primary_vlm_flagged,underspecified,vi,bar,"Xếp hạng các nước theo chỉ số debt service (ppg and imf only, % of exports of goods, services and primary income).",bar,yes,no,no,not_applicable,no,missing_labels,high,The chart lacks readable labels and relevant data.
calib_117,vinl2vis_05344,calib_117__vinl2vis_05344.png,primary_vlm_flagged,underspecified,vi,bar,Xếp hạng các nước theo chỉ số crop production index (2014-2016 = 100).,bar,no,no,no,not_applicable,no,unreadable,high,The chart is unreadable due to overplotting and lack of relevant data.
calib_118,vinl2vis_00346,calib_118__vinl2vis_00346.png,primary_vlm_flagged,explicit,en,tick_plot,Create a tick plot for asean fertility rate in 2024.,tick_plot,yes,yes,yes,not_applicable,yes,none,high,The chart accurately represents the fertility rates for ASEAN countries in 2024.
calib_119,vinl2vis_22584,calib_119__vinl2vis_22584.png,primary_vlm_flagged,underspecified,vi,bar,Xếp hạng các nước theo chỉ số trade in services (% of gdp).,bar,no,yes,no,not_applicable,no,unclear,high,The chart does not display rankings for multiple countries.
calib_120,vinl2vis_00556,calib_120__vinl2vis_00556.png,primary_vlm_flagged,explicit,en,tick_plot,Create a tick plot for asean gdp per capita in 2024.,tick_plot,yes,yes,yes,not_applicable,yes,none,high,The chart accurately represents the requested tick plot for ASEAN GDP per capita in 2024.
calib_121,vinl2vis_29151,calib_121__vinl2vis_29151.png,cross_judge_disagreement,multi_turn,vi,bar,"Hãy so sánh các nước.
Dùng năm mới nhất.",bar,yes,yes,yes,not_applicable,yes,none,high,The chart effectively compares countries using the latest year data.
calib_122,vinl2vis_28950,calib_122__vinl2vis_28950.png,cross_judge_disagreement,multi_turn,vi,line,"Tôi muốn xem xu hướng.
Dùng dữ liệu này và tách theo quốc gia.",line,no,yes,no,not_applicable,no,empty_or_broken,high,The chart is empty and does not display any data.
calib_123,vinl2vis_25921,calib_123__vinl2vis_25921.png,cross_judge_disagreement,ambiguous,vi,line,Tạo biểu đồ phù hợp cho chỉ số external debt stocks (% of gni) mẫu 20.,line,no,yes,no,not_applicable,no,empty_or_broken,high,The chart is empty and does not display any data.
calib_124,vinl2vis_29351,calib_124__vinl2vis_29351.png,cross_judge_disagreement,multi_turn,vi,bar,"Hãy so sánh các nước.
Dùng năm mới nhất.",bar,no,yes,no,not_applicable,no,empty_or_broken,high,The chart is empty and does not provide any data for comparison.
calib_125,vinl2vis_26591,calib_125__vinl2vis_26591.png,cross_judge_disagreement,multi_turn,vi,bar,"Hãy so sánh các nước.
Dùng năm mới nhất.",bar,yes,yes,yes,not_applicable,yes,none,high,The chart effectively compares the countries as requested.
calib_126,vinl2vis_24921,calib_126__vinl2vis_24921.png,cross_judge_disagreement,ambiguous,vi,line,"Tạo biểu đồ phù hợp cho chỉ số net bilateral aid flows from dac donors, austria (current us$) mẫu 20.",line,yes,yes,yes,not_applicable,yes,none,high,The chart effectively represents net bilateral aid flows over time.
calib_127,vinl2vis_31704,calib_127__vinl2vis_31704.png,cross_judge_disagreement,underspecified,vi,bar,Xếp hạng các nước theo chỉ số nitrous oxide (n2o) emissions (total) excluding lulucf (% change from 1990).,histogram,no,no,yes,not_applicable,no,wrong_chart_type,high,The chart is a histogram instead of the requested bar chart.
calib_128,vinl2vis_28591,calib_128__vinl2vis_28591.png,cross_judge_disagreement,multi_turn,vi,bar,"Hãy so sánh các nước.
Dùng năm mới nhất.",bar,yes,yes,yes,not_applicable,yes,none,high,The chart effectively compares countries using the latest year data.
calib_129,vinl2vis_25001,calib_129__vinl2vis_25001.png,cross_judge_disagreement,ambiguous,vi,line,"Tạo biểu đồ phù hợp cho chỉ số net bilateral aid flows from dac donors, canada (current us$) mẫu 20.",line,yes,no,no,not_applicable,no,missing_labels,medium,The chart lacks readable labels and relevant data.
calib_130,vinl2vis_32864,calib_130__vinl2vis_32864.png,cross_judge_disagreement,underspecified,vi,bar,Xếp hạng các nước theo chỉ số level of water stress: freshwater withdrawal as a proportion of available freshwater resources.,histogram,no,no,no,not_applicable,no,wrong_chart_type,high,The chart is a histogram instead of the expected bar chart.
calib_131,vinl2vis_24801,calib_131__vinl2vis_24801.png,cross_judge_disagreement,ambiguous,vi,line,"Tạo biểu đồ phù hợp cho chỉ số stocks traded, total value (% of gdp) mẫu 20.",line,no,yes,no,not_applicable,no,empty_or_broken,high,The chart is empty and does not display any data.
calib_132,vinl2vis_31384,calib_132__vinl2vis_31384.png,cross_judge_disagreement,underspecified,vi,bar,Xếp hạng các nước theo chỉ số nitrous oxide (n2o) emissions from building (energy) (mt co2e).,bar,yes,no,yes,not_applicable,no,unreadable,medium,"The chart is a bar chart, but the axis labels are unreadable."
calib_133,vinl2vis_32984,calib_133__vinl2vis_32984.png,cross_judge_disagreement,underspecified,vi,bar,"Xếp hạng các nước theo chỉ số renewable internal freshwater resources, total (billion cubic meters).",histogram,no,no,yes,not_applicable,no,wrong_chart_type,high,The chart is a histogram instead of the expected bar chart.
calib_134,vinl2vis_28591,calib_134__vinl2vis_28591.png,deterministic_failure,multi_turn,vi,bar,"Hãy so sánh các nước.
Dùng năm mới nhất.",bar,yes,yes,yes,not_applicable,yes,none,high,The chart effectively compares countries using the latest year data.
calib_135,vinl2vis_03166,calib_135__vinl2vis_03166.png,deterministic_failure,explicit,en,area,Use an area chart to show changes in asean fixed broadband subscriptions over time.,area,yes,yes,yes,not_applicable,yes,none,high,The area chart effectively shows changes in broadband subscriptions over time.
calib_136,vinl2vis_31584,calib_136__vinl2vis_31584.png,deterministic_failure,underspecified,,bar,,bar,yes,no,yes,not_applicable,no,unreadable,medium,"The chart type is correct, but the labels are unreadable."
calib_137,vinl2vis_33464,calib_137__vinl2vis_33464.png,deterministic_failure,underspecified,,bar,,bar,yes,yes,yes,not_applicable,yes,none,high,The chart effectively displays bank liquid reserves by country.
calib_138,vinl2vis_05478,calib_138__vinl2vis_05478.png,deterministic_failure,explicit,en,line,"Show surface area (sq. km) for ASEAN countries, variant 17.",line,no,yes,yes,not_applicable,no,wrong_chart_type,high,The chart does not show a variation in surface area over time.
calib_139,vinl2vis_02952,calib_139__vinl2vis_02952.png,deterministic_failure,explicit,,bar,,bar,yes,yes,yes,not_applicable,yes,none,high,The chart effectively displays basic sanitation services by country.
calib_140,vinl2vis_30304,calib_140__vinl2vis_30304.png,deterministic_failure,underspecified,,bar,,bar,yes,yes,yes,not_applicable,yes,none,high,The chart effectively displays methane emissions by country.
calib_141,vinl2vis_05403,calib_141__vinl2vis_05403.png,deterministic_failure,explicit,en,line,"Show food production index (2014-2016 = 100) for ASEAN countries, variant 22.",line,yes,yes,yes,not_applicable,yes,none,high,The chart effectively displays the food production index for ASEAN countries over the specified years.
calib_142,vinl2vis_22881,calib_142__vinl2vis_22881.png,deterministic_failure,ambiguous,vi,line,"Tạo biểu đồ phù hợp cho chỉ số goods imports (bop, current us$) mẫu 20.",line,yes,yes,yes,not_applicable,yes,none,high,The chart effectively represents goods imports over time for multiple countries.
calib_143,vinl2vis_05893,calib_143__vinl2vis_05893.png,deterministic_failure,explicit,en,line,"Show barro-lee: percentage of female population age 25+ with no education for ASEAN countries, variant 32.",line,yes,yes,yes,not_applicable,yes,none,high,The chart effectively displays the requested data.
calib_144,vinl2vis_25161,calib_144__vinl2vis_25161.png,deterministic_failure,ambiguous,vi,line,"Tạo biểu đồ phù hợp cho chỉ số net bilateral aid flows from dac donors, germany (current us$) mẫu 20.",line,yes,no,no,not_applicable,no,missing_labels,medium,The chart lacks readable labels and relevant data.
calib_145,vinl2vis_25322,calib_145__vinl2vis_25322.png,deterministic_failure,explicit,vi,bar,"So sánh chỉ số net bilateral aid flows from dac donors, france (current us$) ở các quốc gia, biến thể 21.",bar,yes,yes,yes,not_applicable,yes,none,high,The chart effectively compares net bilateral aid flows from DAC donors for the specified countries.
calib_146,vinl2vis_00435,calib_146__vinl2vis_00435.png,deterministic_failure,explicit,en,point,Create a point chart for asean gdp current usd by year.,point,yes,yes,yes,not_applicable,yes,none,high,The chart accurately represents ASEAN GDP in current USD by year.
calib_147,vinl2vis_04125,calib_147__vinl2vis_04125.png,deterministic_failure,explicit,en,bubble_chart,"Create a bubble chart using Tỷ lệ nhập học tiểu học, Tỷ lệ nhập học trung học, and Tỷ lệ nhập học đại học.",bubble_chart,yes,yes,no,not_applicable,no,unclear,medium,The chart is a bubble chart but lacks relevant data points for the specified enrollments.
calib_148,vinl2vis_05363,calib_148__vinl2vis_05363.png,deterministic_failure,explicit,en,line,"Show crop production index (2014-2016 = 100) for ASEAN countries, variant 22.",line,yes,yes,yes,not_applicable,yes,none,high,The chart effectively displays the crop production index for ASEAN countries over the specified years.
calib_149,vinl2vis_24401,calib_149__vinl2vis_24401.png,deterministic_failure,ambiguous,vi,line,"Tạo biểu đồ phù hợp cho chỉ số portfolio equity, net inflows (bop, current us$) mẫu 20.",line,yes,yes,yes,not_applicable,yes,none,high,The chart effectively represents the requested data.
calib_150,vinl2vis_24161,calib_150__vinl2vis_24161.png,deterministic_failure,ambiguous,vi,line,"Tạo biểu đồ phù hợp cho chỉ số charges for the use of intellectual property, receipts (bop, current us$) mẫu 20.",line,yes,yes,yes,not_applicable,yes,none,high,The chart effectively represents the requested data.
calib_151,vinl2vis_05793,calib_151__vinl2vis_05793.png,deterministic_failure,explicit,en,line,"Show barro-lee: percentage of female population age 25-29 with no education for ASEAN countries, variant 12.",line,yes,yes,yes,not_applicable,yes,none,high,The chart effectively displays the requested data.
calib_152,vinl2vis_28550,calib_152__vinl2vis_28550.png,deterministic_failure,multi_turn,vi,line,"Tôi muốn xem xu hướng.
Dùng dữ liệu này và tách theo quốc gia.",line,yes,yes,yes,not_applicable,yes,none,high,The chart effectively shows trends by country over time.
calib_153,vinl2vis_28911,calib_153__vinl2vis_28911.png,deterministic_failure,multi_turn,vi,bar,"Hãy so sánh các nước.
Dùng năm mới nhất.",bar,yes,yes,yes,not_applicable,yes,none,high,The chart effectively compares the specified countries using the latest year.
calib_154,vinl2vis_24162,calib_154__vinl2vis_24162.png,deterministic_failure,explicit,vi,bar,"So sánh chỉ số charges for the use of intellectual property, receipts (bop, current us$) ở các quốc gia, biến thể 21.",bar,yes,yes,yes,not_applicable,yes,none,high,The chart effectively compares charges across countries.
calib_155,vinl2vis_03222,calib_155__vinl2vis_03222.png,deterministic_failure,explicit,vi,bar,So sánh máy chủ internet an toàn các nước asean giữa các nước trong năm 2024.,bar,yes,yes,yes,not_applicable,yes,none,high,The chart effectively compares secure internet servers across ASEAN countries for 2024.
calib_156,vinl2vis_25482,calib_156__vinl2vis_25482.png,deterministic_failure,explicit,vi,bar,"So sánh chỉ số net bilateral aid flows from dac donors, italy (current us$) ở các quốc gia, biến thể 21.",bar,yes,yes,yes,not_applicable,yes,none,high,The chart effectively compares net bilateral aid flows across countries.
calib_157,vinl2vis_32704,calib_157__vinl2vis_32704.png,deterministic_failure,underspecified,vi,bar,"Xếp hạng các nước theo chỉ số water productivity, total (constant 2015 us$ gdp per cubic meter of total freshwater withdrawal).",bar,yes,yes,yes,not_applicable,yes,none,high,The chart effectively ranks countries by water productivity.
calib_158,vinl2vis_03993,calib_158__vinl2vis_03993.png,deterministic_failure,explicit,,bar,,bar,yes,yes,yes,not_applicable,yes,none,high,The chart effectively displays life expectancy by country.
calib_159,vinl2vis_22761,calib_159__vinl2vis_22761.png,deterministic_failure,ambiguous,vi,line,"Tạo biểu đồ phù hợp cho chỉ số primary income payments (bop, current us$) mẫu 20.",line,yes,yes,yes,not_applicable,yes,none,high,The chart effectively represents primary income payments over time.
calib_160,vinl2vis_23436,calib_160__vinl2vis_23436.png,deterministic_failure,ambiguous,vi,line,"Tạo biểu đồ phù hợp cho chỉ số net trade in goods and services (bop, current us$) mẫu 15.",line,yes,yes,yes,not_applicable,yes,none,high,The chart effectively represents net trade in goods and services over time.
calib_161,vinl2vis_24784,calib_161__vinl2vis_24784.png,deterministic_failure,underspecified,vi,bar,"Xếp hạng các nước theo chỉ số stocks traded, total value (% of gdp).",bar,yes,yes,yes,not_applicable,yes,none,high,The chart effectively ranks countries by stocks traded value.
calib_162,vinl2vis_30311,calib_162__vinl2vis_30311.png,deterministic_failure,multi_turn,vi,bar,"Hãy so sánh các nước.
Dùng năm mới nhất.",bar,yes,yes,yes,not_applicable,yes,none,high,The chart effectively compares countries using the latest year data.
calib_163,vinl2vis_22875,calib_163__vinl2vis_22875__placeholder.png,deterministic_failure,unanswerable,vi,none,"Không có dữ liệu cấp huyện cho chỉ số goods imports (bop, current us$), biến thể 14.",empty_or_broken,no,no,no,not_applicable,no,empty_or_broken,high,No chart is available for the query.
calib_164,vinl2vis_28390,calib_164__vinl2vis_28390.png,deterministic_failure,multi_turn,vi,line,"Tôi muốn xem xu hướng.
Dùng dữ liệu này và tách theo quốc gia.",line,yes,yes,yes,not_applicable,yes,none,high,The chart effectively shows trends by country over time.
calib_165,vinl2vis_24997,calib_165__vinl2vis_24997.png,deterministic_failure,explicit,vi,bar,"So sánh chỉ số net bilateral aid flows from dac donors, canada (current us$) ở các quốc gia, biến thể 16.",bar,yes,yes,yes,not_applicable,yes,none,high,The chart effectively compares net bilateral aid flows from DAC donors for the specified countries.
calib_166,vinl2vis_04756,calib_166__vinl2vis_04756.png,deterministic_failure,ambiguous,vi,line,Tạo biểu đồ phù hợp cho chỉ số fertilizer consumption (% of fertilizer production) mẫu 15.,line,yes,yes,yes,not_applicable,yes,none,high,The chart effectively represents fertilizer consumption over time.
calib_167,vinl2vis_31704,calib_167__vinl2vis_31704.png,deterministic_failure,underspecified,vi,bar,Xếp hạng các nước theo chỉ số nitrous oxide (n2o) emissions (total) excluding lulucf (% change from 1990).,histogram,no,no,no,not_applicable,no,wrong_chart_type,high,The chart is a histogram instead of the requested bar chart.
calib_168,vinl2vis_05077,calib_168__vinl2vis_05077.png,deterministic_failure,explicit,,bar,,bar,yes,yes,yes,not_applicable,yes,none,high,The chart effectively displays the comparison of permanent cropland percentages across countries.
calib_169,vinl2vis_29670,calib_169__vinl2vis_29670.png,deterministic_failure,multi_turn,vi,line,"Tôi muốn xem xu hướng.
Dùng dữ liệu này và tách theo quốc gia.",line,yes,yes,yes,not_applicable,yes,none,high,The chart effectively shows trends by country over time.
calib_170,vinl2vis_25677,calib_170__vinl2vis_25677.png,deterministic_failure,explicit,vi,bar,"So sánh chỉ số net bilateral aid flows from dac donors, norway (current us$) ở các quốc gia, biến thể 16.",bar,yes,yes,yes,not_applicable,yes,none,high,The chart effectively compares net bilateral aid flows across countries.
calib_171,vinl2vis_22916,calib_171__vinl2vis_22916.png,deterministic_failure,ambiguous,vi,line,"Tạo biểu đồ phù hợp cho chỉ số service imports (bop, current us$) mẫu 15.",line,yes,yes,yes,not_applicable,yes,none,high,The chart effectively represents service imports over time.
calib_172,vinl2vis_26664,calib_172__vinl2vis_26664.png,deterministic_failure,underspecified,vi,bar,"Xếp hạng các nước theo chỉ số net financial flows, ida (nfl, current us$).",bar,yes,yes,yes,not_applicable,yes,none,high,The chart effectively ranks countries by net financial flows.
calib_173,vinl2vis_01694,calib_173__vinl2vis_01694.png,deterministic_failure,explicit,en,bar,Rank countries by asean tertiary school enrollment in the latest year.,bar,yes,yes,yes,not_applicable,yes,none,high,The chart effectively ranks countries by tertiary school enrollment.
calib_174,vinl2vis_22836,calib_174__vinl2vis_22836.png,weak_judge_only_flag,ambiguous,vi,line,"Tạo biểu đồ phù hợp cho chỉ số insurance and financial services (% of service imports, bop) mẫu 15.",line,yes,yes,yes,not_applicable,yes,none,high,The chart effectively represents the requested data.
calib_175,vinl2vis_05241,calib_175__vinl2vis_05241.png,weak_judge_only_flag,ambiguous,vi,line,Tạo biểu đồ phù hợp cho chỉ số average precipitation in depth (mm per year) mẫu 20.,line,yes,no,no,not_applicable,no,missing_labels,medium,The chart lacks data points and readable labels.
calib_176,vinl2vis_26510,calib_176__vinl2vis_26510.png,weak_judge_only_flag,multi_turn,vi,line,"Tôi muốn xem xu hướng.
Dùng dữ liệu này và tách theo quốc gia.",line,yes,no,yes,not_applicable,no,missing_labels,medium,"The chart type is correct, but the labels are unreadable."
calib_177,vinl2vis_05521,calib_177__vinl2vis_05521.png,weak_judge_only_flag,ambiguous,vi,line,Tạo biểu đồ phù hợp cho chỉ số cereal yield (kg per hectare) mẫu 20.,line,yes,no,no,not_applicable,no,missing_labels,medium,The chart lacks visible data points and labels.
calib_178,vinl2vis_29030,calib_178__vinl2vis_29030.png,weak_judge_only_flag,multi_turn,vi,line,"Tôi muốn xem xu hướng.
Dùng dữ liệu này và tách theo quốc gia.",line,yes,yes,yes,not_applicable,yes,none,high,The chart effectively shows trends by country over time.
calib_179,vinl2vis_25361,calib_179__vinl2vis_25361.png,weak_judge_only_flag,ambiguous,vi,line,"Tạo biểu đồ phù hợp cho chỉ số net bilateral aid flows from dac donors, united kingdom (current us$) mẫu 20.",line,yes,no,no,not_applicable,no,missing_labels,medium,The chart lacks readable labels and relevant data.
calib_180,vinl2vis_23636,calib_180__vinl2vis_23636.png,weak_judge_only_flag,ambiguous,vi,line,"Tạo biểu đồ phù hợp cho chỉ số reserves and related items (bop, current us$) mẫu 15.",line,yes,yes,yes,not_applicable,yes,none,high,The chart effectively represents the requested data with clear labels.
calib_181,vinl2vis_30824,calib_181__vinl2vis_30824.png,weak_judge_only_flag,underspecified,vi,bar,Xếp hạng các nước theo chỉ số carbon dioxide (co2) net fluxes from lulucf - forest land (mt co2e).,bar,yes,yes,yes,not_applicable,yes,none,high,The chart effectively ranks countries by CO2 net fluxes.
calib_182,vinl2vis_04882,calib_182__vinl2vis_04882.png,weak_judge_only_flag,explicit,vi,bar,"So sánh chỉ số agricultural land (% of land area) ở các quốc gia, biến thể 21.",bar,yes,yes,yes,not_applicable,yes,none,high,The chart effectively compares agricultural land percentages across countries.
calib_183,vinl2vis_26430,calib_183__vinl2vis_26430.png,weak_judge_only_flag,multi_turn,vi,line,"Tôi muốn xem xu hướng.
Dùng dữ liệu này và tách theo quốc gia.",line,yes,yes,yes,not_applicable,yes,none,high,The chart effectively shows trends by country over time.
calib_184,vinl2vis_24361,calib_184__vinl2vis_24361.png,weak_judge_only_flag,ambiguous,vi,line,"Tạo biểu đồ phù hợp cho chỉ số foreign direct investment, net inflows (% of gdp) mẫu 20.",line,yes,yes,yes,not_applicable,yes,none,high,The chart effectively represents foreign direct investment net inflows as a line chart.
calib_185,vinl2vis_22921,calib_185__vinl2vis_22921.png,weak_judge_only_flag,ambiguous,vi,line,"Tạo biểu đồ phù hợp cho chỉ số service imports (bop, current us$) mẫu 20.",line,yes,yes,yes,not_applicable,yes,none,high,The chart effectively represents service imports over time.
calib_186,vinl2vis_24157,calib_186__vinl2vis_24157.png,weak_judge_only_flag,explicit,vi,bar,"So sánh chỉ số charges for the use of intellectual property, receipts (bop, current us$) ở các quốc gia, biến thể 16.",bar,yes,yes,yes,not_applicable,yes,none,high,The chart effectively compares charges for intellectual property receipts across countries.
calib_187,vinl2vis_23881,calib_187__vinl2vis_23881.png,weak_judge_only_flag,ambiguous,vi,line,"Tạo biểu đồ phù hợp cho chỉ số ict service exports (% of service exports, bop) mẫu 20.",line,yes,yes,yes,not_applicable,yes,none,high,The chart effectively represents the requested data.
calib_188,vinl2vis_23516,calib_188__vinl2vis_23516.png,weak_judge_only_flag,ambiguous,vi,line,"Tạo biểu đồ phù hợp cho chỉ số net errors and omissions (bop, current us$) mẫu 15.",line,yes,yes,yes,not_applicable,yes,none,high,The chart effectively represents net errors and omissions over time for multiple countries.
calib_189,vinl2vis_05362,calib_189__vinl2vis_05362.png,weak_judge_only_flag,explicit,vi,bar,"So sánh chỉ số crop production index (2014-2016 = 100) ở các quốc gia, biến thể 21.",bar,yes,yes,yes,not_applicable,yes,none,high,The chart effectively compares crop production indices across countries.
calib_190,vinl2vis_23362,calib_190__vinl2vis_23362.png,weak_judge_only_flag,explicit,vi,bar,"So sánh chỉ số net financial account (bop, current us$) ở các quốc gia, biến thể 21.",bar,yes,yes,yes,not_applicable,yes,none,high,The chart effectively compares net financial accounts across countries.
calib_191,vinl2vis_25322,calib_191__vinl2vis_25322.png,weak_judge_only_flag,explicit,vi,bar,"So sánh chỉ số net bilateral aid flows from dac donors, france (current us$) ở các quốc gia, biến thể 21.",bar,yes,yes,yes,not_applicable,yes,none,high,The chart effectively compares net bilateral aid flows from DAC donors for the specified countries.
calib_192,vinl2vis_25202,calib_192__vinl2vis_25202.png,weak_judge_only_flag,explicit,vi,bar,"So sánh chỉ số net bilateral aid flows from dac donors, denmark (current us$) ở các quốc gia, biến thể 21.",bar,yes,yes,yes,not_applicable,yes,none,high,The chart effectively compares net bilateral aid flows from Denmark across various countries.
calib_193,vinl2vis_28830,calib_193__vinl2vis_28830.png,weak_judge_only_flag,multi_turn,vi,line,"Tôi muốn xem xu hướng.
Dùng dữ liệu này và tách theo quốc gia.",line,yes,yes,yes,not_applicable,yes,none,high,The chart effectively shows trends over time by country.
calib_194,vinl2vis_29990,calib_194__vinl2vis_29990.png,weak_judge_only_flag,multi_turn,vi,line,"Tôi muốn xem xu hướng.
Dùng dữ liệu này và tách theo quốc gia.",line,yes,yes,yes,not_applicable,yes,none,high,The chart effectively shows trends over time by country.
calib_195,vinl2vis_24637,calib_195__vinl2vis_24637.png,weak_judge_only_flag,explicit,vi,bar,"So sánh chỉ số market capitalization of listed domestic companies (current us$) ở các quốc gia, biến thể 16.",bar,yes,no,yes,not_applicable,no,unreadable,medium,"Axis labels are unreadable, affecting overall usability."
calib_196,vinl2vis_23156,calib_196__vinl2vis_23156.png,weak_judge_only_flag,ambiguous,vi,line,"Tạo biểu đồ phù hợp cho chỉ số foreign direct investment, net outflows (% of gdp) mẫu 15.",line,yes,yes,yes,not_applicable,yes,none,high,The chart effectively represents the requested data.
calib_197,vinl2vis_26150,calib_197__vinl2vis_26150.png,weak_judge_only_flag,multi_turn,vi,line,"Tôi muốn xem xu hướng.
Dùng dữ liệu này và tách theo quốc gia.",line,yes,yes,yes,not_applicable,yes,none,high,The chart effectively shows trends over time by country.
calib_198,vinl2vis_25321,calib_198__vinl2vis_25321.png,weak_judge_only_flag,ambiguous,vi,line,"Tạo biểu đồ phù hợp cho chỉ số net bilateral aid flows from dac donors, france (current us$) mẫu 20.",line,yes,no,no,not_applicable,no,missing_labels,medium,The chart lacks readable labels and relevant data.
calib_199,vinl2vis_23802,calib_199__vinl2vis_23802.png,weak_judge_only_flag,explicit,vi,bar,"So sánh chỉ số technical cooperation grants (bop, current us$) ở các quốc gia, biến thể 21.",bar,yes,yes,yes,not_applicable,yes,none,high,The chart effectively compares technical cooperation grants across countries.
calib_200,vinl2vis_23602,calib_200__vinl2vis_23602.png,weak_judge_only_flag,explicit,vi,bar,"So sánh chỉ số portfolio investment, net (bop, current us$) ở các quốc gia, biến thể 21.",boxplot,no,no,yes,not_applicable,no,wrong_chart_type,high,The chart type is a boxplot instead of the requested bar chart.
calib_201,vinl2vis_05436,calib_201__vinl2vis_05436.png,weak_judge_only_flag,ambiguous,vi,line,Tạo biểu đồ phù hợp cho chỉ số livestock production index (2014-2016 = 100) mẫu 15.,line,yes,yes,yes,not_applicable,yes,none,high,The chart effectively represents the livestock production index over time.
calib_202,vinl2vis_23356,calib_202__vinl2vis_23356.png,weak_judge_only_flag,ambiguous,vi,line,"Tạo biểu đồ phù hợp cho chỉ số net financial account (bop, current us$) mẫu 15.",line,yes,yes,yes,not_applicable,yes,none,high,The chart effectively represents the net financial account over time for multiple countries.
calib_203,vinl2vis_23957,calib_203__vinl2vis_23957.png,weak_judge_only_flag,explicit,vi,bar,"So sánh chỉ số primary income receipts (bop, current us$) ở các quốc gia, biến thể 16.",bar,yes,yes,yes,not_applicable,yes,none,high,The chart effectively compares primary income receipts across countries.
calib_204,vinl2vis_25082,calib_204__vinl2vis_25082.png,weak_judge_only_flag,explicit,vi,bar,"So sánh chỉ số net bilateral aid flows from dac donors, switzerland (current us$) ở các quốc gia, biến thể 21.",bar,yes,yes,yes,not_applicable,yes,none,high,The chart effectively compares net bilateral aid flows across specified countries.
calib_205,vinl2vis_24441,calib_205__vinl2vis_24441.png,weak_judge_only_flag,ambiguous,vi,line,"Tạo biểu đồ phù hợp cho chỉ số secondary income receipts (bop, current us$) mẫu 20.",line,yes,yes,yes,not_applicable,yes,none,high,The chart effectively represents secondary income receipts over time.
calib_206,vinl2vis_28430,calib_206__vinl2vis_28430.png,weak_judge_only_flag,multi_turn,vi,line,"Tôi muốn xem xu hướng.
Dùng dữ liệu này và tách theo quốc gia.",line,yes,yes,yes,not_applicable,yes,none,high,The chart effectively shows trends by country over time.
calib_207,vinl2vis_24481,calib_207__vinl2vis_24481.png,weak_judge_only_flag,ambiguous,vi,line,"Tạo biểu đồ phù hợp cho chỉ số personal transfers, receipts (bop, current us$) mẫu 20.",line,yes,yes,yes,not_applicable,yes,none,high,The chart effectively represents personal transfers over time for multiple countries.
calib_208,vinl2vis_24997,calib_208__vinl2vis_24997.png,weak_judge_only_flag,explicit,vi,bar,"So sánh chỉ số net bilateral aid flows from dac donors, canada (current us$) ở các quốc gia, biến thể 16.",bar,yes,yes,yes,not_applicable,yes,none,high,The chart effectively compares net bilateral aid flows from DAC donors to various countries.
calib_209,vinl2vis_23402,calib_209__vinl2vis_23402.png,weak_judge_only_flag,explicit,vi,bar,"So sánh chỉ số net primary income (bop, current us$) ở các quốc gia, biến thể 21.",bar,yes,yes,yes,not_applicable,yes,none,high,The chart effectively compares net primary income across countries.
calib_210,vinl2vis_31024,calib_210__vinl2vis_31024.png,weak_judge_only_flag,underspecified,vi,bar,Xếp hạng các nước theo chỉ số carbon dioxide (co2) emissions excluding lulucf per capita (t co2e/capita).,bar,yes,yes,yes,not_applicable,yes,none,high,The chart effectively ranks countries by CO2 emissions per capita.
calib_211,vinl2vis_22762,calib_211__vinl2vis_22762.png,weak_judge_only_flag,explicit,vi,bar,"So sánh chỉ số primary income payments (bop, current us$) ở các quốc gia, biến thể 21.",bar,yes,yes,yes,not_applicable,yes,none,high,The chart effectively compares primary income payments across countries.
calib_212,vinl2vis_23236,calib_212__vinl2vis_23236.png,weak_judge_only_flag,ambiguous,vi,line,"Tạo biểu đồ phù hợp cho chỉ số personal remittances, paid (current us$) mẫu 15.",line,yes,yes,yes,not_applicable,yes,none,high,The chart effectively represents personal remittances over time.
calib_213,vinl2vis_25597,calib_213__vinl2vis_25597.png,weak_judge_only_flag,explicit,vi,bar,"So sánh chỉ số net bilateral aid flows from dac donors, luxembourg (current us$) ở các quốc gia, biến thể 16.",bar,yes,yes,yes,not_applicable,yes,none,high,The chart effectively compares net bilateral aid flows across specified countries.
calib_214,vinl2vis_05236,calib_214__vinl2vis_05236.png,supplemental_vlm_consensus_accepted,ambiguous,vi,line,Tạo biểu đồ phù hợp cho chỉ số average precipitation in depth (mm per year) mẫu 15.,line,yes,yes,yes,not_applicable,yes,none,high,The chart effectively represents average precipitation over the years.
calib_215,vinl2vis_23001,calib_215__vinl2vis_23001.png,supplemental_vlm_consensus_accepted,ambiguous,vi,line,"Tạo biểu đồ phù hợp cho chỉ số imports of goods, services and primary income (bop, current us$) mẫu 20.",line,yes,yes,yes,not_applicable,yes,none,high,"The chart effectively represents the imports of goods, services, and primary income over time."
calib_216,vinl2vis_26710,calib_216__vinl2vis_26710.png,supplemental_vlm_consensus_accepted,multi_turn,vi,line,"Tôi muốn xem xu hướng.
Dùng dữ liệu này và tách theo quốc gia.",unknown,unclear,unclear,unclear,unclear,unclear,unclear,low,"<urlopen error [Errno 8] nodename nor servname provided, or not known>"
calib_217,vinl2vis_04796,calib_217__vinl2vis_04796.png,supplemental_vlm_consensus_accepted,ambiguous,vi,line,Tạo biểu đồ phù hợp cho chỉ số fertilizer consumption (kilograms per hectare of arable land) mẫu 15.,unknown,unclear,unclear,unclear,unclear,unclear,unclear,low,"<urlopen error [Errno 8] nodename nor servname provided, or not known>"
calib_218,vinl2vis_05122,calib_218__vinl2vis_05122.png,supplemental_vlm_consensus_accepted,explicit,vi,bar,"So sánh chỉ số tree cover loss (hectares) ở các quốc gia, biến thể 21.",bar,no,yes,no,not_applicable,no,missing_labels,high,"The chart lacks data, making it unusable for comparison."
calib_219,vinl2vis_24317,calib_219__vinl2vis_24317.png,supplemental_vlm_consensus_accepted,explicit,vi,bar,"So sánh chỉ số foreign direct investment, net inflows (bop, current us$) ở các quốc gia, biến thể 16.",bar,yes,yes,yes,not_applicable,yes,none,high,The chart effectively compares foreign direct investment across countries.
calib_220,vinl2vis_23401,calib_220__vinl2vis_23401.png,supplemental_vlm_consensus_accepted,ambiguous,vi,line,"Tạo biểu đồ phù hợp cho chỉ số net primary income (bop, current us$) mẫu 20.",line,yes,yes,yes,not_applicable,yes,none,high,The chart effectively represents net primary income over time for multiple countries.
calib_221,vinl2vis_23196,calib_221__vinl2vis_23196.png,supplemental_vlm_consensus_accepted,ambiguous,vi,line,"Tạo biểu đồ phù hợp cho chỉ số secondary income, other sectors, payments (bop, current us$) mẫu 15.",line,yes,yes,yes,not_applicable,yes,none,high,The chart effectively represents the requested data.
calib_222,vinl2vis_22876,calib_222__vinl2vis_22876.png,supplemental_vlm_consensus_accepted,ambiguous,vi,line,"Tạo biểu đồ phù hợp cho chỉ số goods imports (bop, current us$) mẫu 15.",line,yes,yes,yes,not_applicable,yes,none,high,The chart effectively represents goods imports over time.
calib_223,vinl2vis_28631,calib_223__vinl2vis_28631.png,supplemental_vlm_consensus_accepted,multi_turn,vi,bar,"Hãy so sánh các nước.
Dùng năm mới nhất.",bar,yes,yes,yes,not_applicable,yes,none,high,The chart effectively compares countries using the latest year data.
calib_224,vinl2vis_23482,calib_224__vinl2vis_23482.png,supplemental_vlm_consensus_accepted,explicit,vi,bar,"So sánh chỉ số net trade in goods (bop, current us$) ở các quốc gia, biến thể 21.",bar,yes,yes,yes,not_applicable,yes,none,high,The chart effectively compares net trade in goods across countries.
calib_225,vinl2vis_28111,calib_225__vinl2vis_28111.png,supplemental_vlm_consensus_accepted,multi_turn,vi,bar,"Hãy so sánh các nước.
Dùng năm mới nhất.",bar,yes,yes,yes,not_applicable,yes,none,high,The chart effectively compares debt service across countries using the latest year.
calib_226,vinl2vis_24876,calib_226__vinl2vis_24876.png,supplemental_vlm_consensus_accepted,ambiguous,vi,line,"Tạo biểu đồ phù hợp cho chỉ số net bilateral aid flows from dac donors, australia (current us$) mẫu 15.",line,yes,yes,yes,not_applicable,yes,none,high,The chart effectively represents net bilateral aid flows from DAC donors to Australia.
calib_227,vinl2vis_30544,calib_227__vinl2vis_30544.png,supplemental_vlm_consensus_accepted,underspecified,vi,bar,Xếp hạng các nước theo chỉ số methane (ch4) emissions (total) excluding lulucf (% change from 1990).,bar,yes,yes,yes,not_applicable,yes,none,high,The chart effectively ranks countries by methane emissions.
calib_228,vinl2vis_27071,calib_228__vinl2vis_27071.png,supplemental_vlm_consensus_accepted,multi_turn,vi,bar,"Hãy so sánh các nước.
Dùng năm mới nhất.",bar,yes,yes,yes,not_applicable,yes,none,high,The chart effectively compares the countries as requested.
calib_229,vinl2vis_26031,calib_229__vinl2vis_26031.png,supplemental_vlm_consensus_accepted,multi_turn,vi,bar,"Hãy so sánh các nước.
Dùng năm mới nhất.",bar,yes,yes,yes,not_applicable,yes,none,high,The chart effectively compares countries using the latest year data.
calib_230,vinl2vis_24396,calib_230__vinl2vis_24396.png,supplemental_vlm_consensus_accepted,ambiguous,vi,line,"Tạo biểu đồ phù hợp cho chỉ số portfolio equity, net inflows (bop, current us$) mẫu 15.",line,yes,yes,yes,not_applicable,yes,none,high,The chart effectively represents the requested data.
calib_231,vinl2vis_05356,calib_231__vinl2vis_05356.png,supplemental_vlm_consensus_accepted,ambiguous,vi,line,Tạo biểu đồ phù hợp cho chỉ số crop production index (2014-2016 = 100) mẫu 15.,line,yes,yes,yes,not_applicable,yes,none,high,The chart effectively represents the crop production index over time.
calib_232,vinl2vis_25196,calib_232__vinl2vis_25196.png,supplemental_vlm_consensus_accepted,ambiguous,vi,line,"Tạo biểu đồ phù hợp cho chỉ số net bilateral aid flows from dac donors, denmark (current us$) mẫu 15.",line,yes,yes,yes,not_applicable,yes,none,high,The chart effectively represents net bilateral aid flows from DAC donors to Denmark.
calib_233,vinl2vis_25557,calib_233__vinl2vis_25557.png,supplemental_vlm_consensus_accepted,explicit,vi,bar,"So sánh chỉ số net bilateral aid flows from dac donors, korea, rep. (current us$) ở các quốc gia, biến thể 16.",bar,yes,yes,yes,not_applicable,yes,none,high,The chart effectively compares net bilateral aid flows across specified countries.
calib_234,vinl2vis_22681,calib_234__vinl2vis_22681.png,supplemental_vlm_consensus_accepted,ambiguous,vi,line,Tạo biểu đồ phù hợp cho chỉ số wage bill as a percentage of public expenditure mẫu 20.,line,yes,yes,yes,not_applicable,yes,none,high,The chart effectively represents the wage bill as a percentage of public expenditure over time.
calib_235,vinl2vis_27030,calib_235__vinl2vis_27030.png,supplemental_vlm_consensus_accepted,multi_turn,vi,line,"Tôi muốn xem xu hướng.
Dùng dữ liệu này và tách theo quốc gia.",line,yes,yes,yes,not_applicable,yes,none,high,The chart effectively shows trends by country over time.
calib_236,vinl2vis_25642,calib_236__vinl2vis_25642.png,supplemental_vlm_consensus_accepted,explicit,vi,bar,"So sánh chỉ số net bilateral aid flows from dac donors, netherlands (current us$) ở các quốc gia, biến thể 21.",bar,yes,yes,yes,not_applicable,yes,none,high,The chart effectively compares net bilateral aid flows from DAC donors for the specified countries.
calib_237,vinl2vis_25917,calib_237__vinl2vis_25917.png,supplemental_vlm_consensus_accepted,explicit,vi,bar,"So sánh chỉ số external debt stocks (% of gni) ở các quốc gia, biến thể 16.",bar,yes,yes,yes,not_applicable,yes,none,high,The chart effectively compares external debt stocks across countries.
calib_238,vinl2vis_24397,calib_238__vinl2vis_24397.png,supplemental_vlm_consensus_accepted,explicit,vi,bar,"So sánh chỉ số portfolio equity, net inflows (bop, current us$) ở các quốc gia, biến thể 16.",bar,yes,yes,yes,not_applicable,yes,none,high,The chart effectively compares the specified indices across countries.
calib_239,vinl2vis_24996,calib_239__vinl2vis_24996.png,supplemental_vlm_consensus_accepted,ambiguous,vi,line,"Tạo biểu đồ phù hợp cho chỉ số net bilateral aid flows from dac donors, canada (current us$) mẫu 15.",line,yes,yes,yes,not_applicable,yes,none,high,The chart effectively represents net bilateral aid flows over time.
calib_240,vinl2vis_22636,calib_240__vinl2vis_22636.png,supplemental_vlm_consensus_accepted,ambiguous,vi,line,Tạo biểu đồ phù hợp cho chỉ số wage bill as a percentage of gdp mẫu 15.,line,yes,yes,yes,not_applicable,yes,none,high,The chart effectively represents the wage bill as a percentage of GDP over time.
